Bout,Bout_sdev,File,ID,frac,mu,mu_err,mu_err_geom,mu_err_pp
0.213372677565,0.155043721199,DataFile_170224_134823.csv,fm104_cryo,0.104,1.22522008963,14.0139887981,0.00063537287249,14.0139887837
1.05966281891,0.155043974519,DataFile_170224_134823.csv,fm104_cryo,0.104,1.16042338569,3.64931483422,0.000441494893757,3.64931480751
1.93072974682,0.155044585466,DataFile_170224_134823.csv,fm104_cryo,0.104,1.13340325085,2.32446688893,0.000363126813576,2.32446686056
2.95123338699,0.155045717955,DataFile_170224_134823.csv,fm104_cryo,0.104,1.15204768758,1.36747735825,0.000417041035121,1.36747729466
4.05226230621,0.155047476292,DataFile_170224_134823.csv,fm104_cryo,0.104,1.14269889829,1.04821743757,0.000389916565971,1.04821736505
5.03095436096,0.15504950285,DataFile_170224_134823.csv,fm104_cryo,0.104,1.14792743251,0.820100702701,0.000405064286159,0.820100602666
6.07313776016,0.155052140355,DataFile_170224_134823.csv,fm104_cryo,0.104,1.13464105211,0.733426618745,0.000366683642181,0.733426527082
7.07892990112,0.15505515039,DataFile_170224_134823.csv,fm104_cryo,0.104,1.14368709383,0.596721964841,0.000392775140317,0.596721835575
8.04291057587,0.155058473349,DataFile_170224_134823.csv,fm104_cryo,0.104,1.14793699304,0.512987630408,0.000405092036108,0.512987470463
9.01463413239,0.155062243342,DataFile_170224_134823.csv,fm104_cryo,0.104,1.16984989208,0.410194111877,0.000469187170508,0.410193843545
10.0846910477,0.155066892505,DataFile_170224_134823.csv,fm104_cryo,0.104,1.14449496136,0.417001551268,0.000395113585436,0.41700136408
11.0579633713,0.155071571469,DataFile_170224_134823.csv,fm104_cryo,0.104,1.14326820775,0.382946850624,0.000391563171365,0.382946650437
12.0343332291,0.155076682568,DataFile_170224_134823.csv,fm104_cryo,0.104,1.12307836757,0.398754347673,0.000333584734872,0.39875420814
13.0176715851,0.155082285404,DataFile_170224_134823.csv,fm104_cryo,0.104,1.12606687549,0.361351938039,0.000342112274169,0.361351776091
13.9924926758,0.155088275671,DataFile_170224_134823.csv,fm104_cryo,0.104,1.17279299071,0.260797062552,0.000477869745923,0.260796624741
15.0246105194,0.155095070601,DataFile_170224_134823.csv,fm104_cryo,0.104,1.11885598334,0.328905210936,0.000321569021065,0.328905053737
16.042016983,0.15510225296,DataFile_170224_134823.csv,fm104_cryo,0.104,1.13469568303,0.277655768222,0.000366840698857,0.277655525886
16.9626369476,0.155109167099,DataFile_170224_134823.csv,fm104_cryo,0.104,1.12294849831,0.283209559755,0.000333214593318,0.28320936373
18.2100067139,0.155119135976,DataFile_170224_134823.csv,fm104_cryo,0.104,1.1308306728,0.250560429624,0.000355744848114,0.250560177081
19.1151409149,0.155126795173,DataFile_170224_134823.csv,fm104_cryo,0.104,1.15250503625,0.210731563247,0.000418372611461,0.210731147942
20.089963913,0.15513548255,DataFile_170224_134823.csv,fm104_cryo,0.104,1.13304014902,0.224023914423,0.00036208405174,0.22402362181
21.1127891541,0.155145049095,DataFile_170224_134823.csv,fm104_cryo,0.104,1.12504030454,0.224412878157,0.000339180860037,0.224412621835
22.0535411835,0.155154272914,DataFile_170224_134823.csv,fm104_cryo,0.104,1.13796341266,0.198110025722,0.000376246408699,0.198109668442
23.2482585907,0.155166566372,DataFile_170224_134823.csv,fm104_cryo,0.104,1.15150985201,0.174222977607,0.000415475670515,0.174222482207
24.0643520355,0.155175328255,DataFile_170224_134823.csv,fm104_cryo,0.104,1.14323488238,0.176121525963,0.000391466766294,0.176121090904
25.0624027252,0.155186459422,DataFile_170224_134823.csv,fm104_cryo,0.104,1.14460350586,0.16782203409,0.00039542788061,0.16782156823
26.2439537048,0.155200213194,DataFile_170224_134823.csv,fm104_cryo,0.104,1.14166345597,0.162973474574,0.000386923502569,0.162973015266
27.0879211426,0.155210420489,DataFile_170224_134823.csv,fm104_cryo,0.104,1.14131080431,0.158226488657,0.000385904633449,0.158226018058
28.140171051,0.155223608017,DataFile_170224_134823.csv,fm104_cryo,0.104,1.14168275444,0.151997675114,0.000386979266542,0.151997182498
29.1784820557,0.155237108469,DataFile_170224_134823.csv,fm104_cryo,0.104,1.1392652777,0.148670331498,0.000379999891833,0.148669845859
30.0936832428,0.155249416828,DataFile_170224_134823.csv,fm104_cryo,0.104,1.13336631647,0.149362809681,0.000363020732109,0.149362368526
31.090959549,0.155263260007,DataFile_170224_134823.csv,fm104_cryo,0.104,1.14667164949,0.133803781345,0.000401420950545,0.133803179198
32.2152137756,0.155279397964,DataFile_170224_134823.csv,fm104_cryo,0.104,1.14747540509,0.128579718768,0.000403752467348,0.128579084856
33.0684738159,0.155292034149,DataFile_170224_134823.csv,fm104_cryo,0.104,1.14806950971,0.12486706821,0.000405476692548,0.124866409863
34.1958274841,0.155309230089,DataFile_170224_134823.csv,fm104_cryo,0.104,1.14333118172,0.12398013079,0.00039174535151,0.123979511881
35.0932197571,0.155323326588,DataFile_170224_134823.csv,fm104_cryo,0.104,1.14709175119,0.118316559091,0.00040263940556,0.118315873984
36.1733436584,0.155340775847,DataFile_170224_134823.csv,fm104_cryo,0.104,1.14481746731,0.116250780029,0.000396047486742,0.116250105393
37.1055793762,0.155356258154,DataFile_170224_134823.csv,fm104_cryo,0.104,1.15168589732,0.109190400714,0.000415987982977,0.109189608307
38.1787338257,0.155374571681,DataFile_170224_134823.csv,fm104_cryo,0.104,1.15155714028,0.106205987341,0.000415613278663,0.106205174134
39.2038841248,0.155392557383,DataFile_170224_134823.csv,fm104_cryo,0.104,1.15286192176,0.102733281063,0.000419411986638,0.102732424928
40.160118103,0.155409753323,DataFile_170224_134823.csv,fm104_cryo,0.104,1.14841883849,0.10270058217,0.000406490863983,0.102699777718
41.1465568542,0.155427917838,DataFile_170224_134823.csv,fm104_cryo,0.104,1.15066115121,0.0990493054178,0.000413006746963,0.0990484443552
42.1779022217,0.155447393656,DataFile_170224_134823.csv,fm104_cryo,0.104,1.14951987381,0.0972313855133,0.000409689039747,0.0972305223874
43.1991767883,0.155467137694,DataFile_170224_134823.csv,fm104_cryo,0.104,1.15446037882,0.0925047850225,0.00042407045957,0.0925038129825
44.1352844238,0.155485659838,DataFile_170224_134823.csv,fm104_cryo,0.104,1.15625741354,0.0897225791455,0.000429313910472,0.0897215520268
45.1906318665,0.155506998301,DataFile_170224_134823.csv,fm104_cryo,0.104,1.15731379772,0.0871709068682,0.000432399347313,0.0871698344328
46.1987457275,0.155527859926,DataFile_170224_134823.csv,fm104_cryo,0.104,1.15440866788,0.0865556870203,0.000423919673461,0.0865546489085
47.124786377,0.155547425151,DataFile_170224_134823.csv,fm104_cryo,0.104,1.15607398526,0.0841428814463,0.000428778394177,0.0841417889468
48.7019996643,0.155581623316,DataFile_170224_134823.csv,fm104_cryo,0.104,1.16732198915,0.077080173968,0.000461743353367,0.0770787909351
0.266798138618,0.1550437361,DataFile_170224_140046.csv,fm199_cryo,0.199,1.29708959226,9.30025348066,0.0017087590196,9.30025332368
0.906354963779,0.155043900013,DataFile_170224_140046.csv,fm199_cryo,0.199,1.31200139671,2.65241248008,0.001803449913,2.65241186697
1.98492956161,0.15504463017,DataFile_170224_140046.csv,fm199_cryo,0.199,1.26423694097,1.35189333746,0.00150280101374,1.35189250218
2.90477657318,0.15504565835,DataFile_170224_140046.csv,fm199_cryo,0.199,1.264246289,0.923777708028,0.00150285908678,0.923776485555
4.08168506622,0.155047520995,DataFile_170224_140046.csv,fm199_cryo,0.199,1.26794812526,0.651220931203,0.00152588018636,0.651219143551
5.1006398201,0.155049666762,DataFile_170224_140046.csv,fm199_cryo,0.199,1.26470251994,0.525479970559,0.00150569371673,0.525477813371
5.98332118988,0.155051901937,DataFile_170224_140046.csv,fm199_cryo,0.199,1.26797819068,0.444228102014,0.00152606735445,0.444225480738
6.94962501526,0.155054733157,DataFile_170224_140046.csv,fm199_cryo,0.199,1.26761567524,0.382820811301,0.00152381077569,0.38281777854
8.10795021057,0.155058711767,DataFile_170224_140046.csv,fm199_cryo,0.199,1.26808647416,0.327747365391,0.00152674148428,0.327743809371
9.078125,0.155062496662,DataFile_170224_140046.csv,fm199_cryo,0.199,1.26748673896,0.293175219153,0.00152300828651,0.293171263209
10.0630121231,0.155066788197,DataFile_170224_140046.csv,fm199_cryo,0.199,1.26800577464,0.264141292553,0.00152623907733,0.264136883123
11.2043027878,0.155072301626,DataFile_170224_140046.csv,fm199_cryo,0.199,1.26693829783,0.237889694566,0.00151959548144,0.237884841069
12.1047925949,0.155077084899,DataFile_170224_140046.csv,fm199_cryo,0.199,1.26502909924,0.22128035407,0.00150772325034,0.221275217474
13.1252965927,0.155082926154,DataFile_170224_140046.csv,fm199_cryo,0.199,1.27259114353,0.200222916378,0.00155482197434,0.200216879337
14.2526502609,0.155089944601,DataFile_170224_140046.csv,fm199_cryo,0.199,1.26921154014,0.185958839569,0.00153374811883,0.185952514451
15.2344408035,0.155096516013,DataFile_170224_140046.csv,fm199_cryo,0.199,1.26367123179,0.176464731049,0.00149928721257,0.17645836178
16.1318340302,0.155102923512,DataFile_170224_140046.csv,fm199_cryo,0.199,1.26450164597,0.166298087219,0.00150444556719,0.166291281961
17.2204742432,0.155111163855,DataFile_170224_140046.csv,fm199_cryo,0.199,1.26686375809,0.154852664967,0.00151913172146,0.154845213313
18.0861206055,0.155118107796,DataFile_170224_140046.csv,fm199_cryo,0.199,1.2820398932,0.142056385363,0.00161395042447,0.14204721675
19.218120575,0.155127704144,DataFile_170224_140046.csv,fm199_cryo,0.199,1.25709866713,0.142364138627,0.00145854552299,0.142356666904
20.1929416656,0.155136421323,DataFile_170224_140046.csv,fm199_cryo,0.199,1.27423359192,0.129667568672,0.00156507795346,0.12965812314
21.2405452728,0.15514627099,DataFile_170224_140046.csv,fm199_cryo,0.199,1.27025673964,0.124503503587,0.00154026131948,0.12449397576
22.2215614319,0.155155956745,DataFile_170224_140046.csv,fm199_cryo,0.199,1.27280752703,0.118261769248,0.00155617260778,0.118251530191
23.0810127258,0.155164793134,DataFile_170224_140046.csv,fm199_cryo,0.199,1.2425826185,0.123471682966,0.00136910842811,0.123464092094
24.3794841766,0.155178785324,DataFile_170224_140046.csv,fm199_cryo,0.199,1.26889714643,0.108870214326,0.00153178970742,0.108859437752
25.1607341766,0.155187577009,DataFile_170224_140046.csv,fm199_cryo,0.199,1.26778371532,0.105794090517,0.00152485673111,0.105783100731
26.2478256226,0.155200257897,DataFile_170224_140046.csv,fm199_cryo,0.199,1.27145458409,0.100489964687,0.00154773041046,0.100478045032
27.2752971649,0.15521274507,DataFile_170224_140046.csv,fm199_cryo,0.199,1.27538180721,0.0957811178886,0.00157225333192,0.0957682126985
28.0131874084,0.15522198379,DataFile_170224_140046.csv,fm199_cryo,0.199,1.27786975676,0.0927031494882,0.00158781655606,0.0926895504554
29.1769351959,0.155237093568,DataFile_170224_140046.csv,fm199_cryo,0.199,1.27490852029,0.0896579004453,0.0015692951345,0.089644165594
30.2578334808,0.155251666903,DataFile_170224_140046.csv,fm199_cryo,0.199,1.26410070073,0.0888471509502,0.00150195467915,0.0888344548253
31.1474819183,0.155264049768,DataFile_170224_140046.csv,fm199_cryo,0.199,1.26525800008,0.0860598931461,0.00150914598214,0.0860466599394
32.4025917053,0.155282154679,DataFile_170224_140046.csv,fm199_cryo,0.199,1.26757758459,0.0822481511211,0.00152357369645,0.0822340384879
34.3917236328,0.155312269926,DataFile_170224_140046.csv,fm199_cryo,0.199,1.25311974918,0.0805208567855,0.00143395549802,0.0805080874764
35.3742828369,0.155327811837,DataFile_170224_140046.csv,fm199_cryo,0.199,1.26550498808,0.0757631485358,0.00151068134061,0.0757480859029
36.407951355,0.155344635248,DataFile_170224_140046.csv,fm199_cryo,0.199,1.2677802025,0.0731948187565,0.00152483486473,0.0731789339321
37.3494796753,0.155360385776,DataFile_170224_140046.csv,fm199_cryo,0.199,1.26930782379,0.0710828437193,0.00153434795491,0.0710662820723
38.3560447693,0.155377656221,DataFile_170224_140046.csv,fm199_cryo,0.199,1.26826699842,0.0694080378782,0.00152786544745,0.0693912195402
39.3393821716,0.155394971371,DataFile_170224_140046.csv,fm199_cryo,0.199,1.27468061113,0.0666097857734,0.00156787090453,0.0665913308292
40.3831138611,0.15541382134,DataFile_170224_140046.csv,fm199_cryo,0.199,1.26797230913,0.0659902976514,0.00152603073945,0.0659726505023
41.2619247437,0.155430078506,DataFile_170224_140046.csv,fm199_cryo,0.199,1.27672701202,0.0632065055193,0.0015806655288,0.0631867378209
42.3900527954,0.155451461673,DataFile_170224_140046.csv,fm199_cryo,0.199,1.27178335106,0.0622846642241,0.00154978129103,0.0622653802322
43.4082336426,0.155471235514,DataFile_170224_140046.csv,fm199_cryo,0.199,1.271408445,0.0608890849087,0.00154744262038,0.060869418285
44.3211097717,0.155489370227,DataFile_170224_140046.csv,fm199_cryo,0.199,1.26935830061,0.0599493779074,0.00153466243253,0.059929731542
45.3710403442,0.15551070869,DataFile_170224_140046.csv,fm199_cryo,0.199,1.26961054266,0.0585339204141,0.00153623406905,0.0585137575612
46.5192985535,0.155534595251,DataFile_170224_140046.csv,fm199_cryo,0.199,1.26891025162,0.0571995326553,0.001531871335,0.0571790163101
47.543674469,0.15555639565,DataFile_170224_140046.csv,fm199_cryo,0.199,1.2708514338,0.0557040599211,0.00154396887714,0.0556826584477
48.4588737488,0.1555762887,DataFile_170224_140046.csv,fm199_cryo,0.199,1.27333801566,0.0543239443487,0.00155948452583,0.0543015555727
0.324565947056,0.154893383384,DataFile_170308_170218.csv,fm303_cryo,0.303,2.56498881671,4.19887449459,0.0121849600531,4.19885681442
1.1916769743,0.154893472791,DataFile_170308_170218.csv,fm303_cryo,0.303,1.70985294582,1.34328226591,0.00484693274038,1.34327352134
2.01543235779,0.154893651605,DataFile_170308_170218.csv,fm303_cryo,0.303,1.55405548517,0.879111031889,0.00364816958847,0.879103462198
3.10241794586,0.154894024134,DataFile_170308_170218.csv,fm303_cryo,0.303,1.47945201589,0.612239366856,0.00309582135843,0.612231539712
4.06243371964,0.15489448607,DataFile_170308_170218.csv,fm303_cryo,0.303,1.4500014557,0.483132596754,0.00288205046882,0.483124000471
5.07664394379,0.154895111918,DataFile_170308_170218.csv,fm303_cryo,0.303,1.42383322745,0.399263342948,0.00269424420478,0.399254252414
6.06685400009,0.154895856977,DataFile_170308_170218.csv,fm303_cryo,0.303,1.41134254678,0.339662455067,0.00260532990674,0.339652463024
7.17474269867,0.154896855354,DataFile_170308_170218.csv,fm303_cryo,0.303,1.39768486529,0.292720641379,0.00250865991854,0.292709891385
8.11075878143,0.15489782393,DataFile_170308_170218.csv,fm303_cryo,0.303,1.39085953241,0.261511436097,0.00246056864454,0.26149986006
9.18535709381,0.154899060726,DataFile_170308_170218.csv,fm303_cryo,0.303,1.38590871813,0.232619618536,0.00242577747882,0.232606970084
10.0532426834,0.154900193214,DataFile_170308_170218.csv,fm303_cryo,0.303,1.3799923856,0.214451429443,0.00238430376098,0.214438174506
11.110033989,0.154901698232,DataFile_170308_170218.csv,fm303_cryo,0.303,1.37623117798,0.195185685469,0.00235799593483,0.19517144173
12.1157274246,0.154903277755,DataFile_170308_170218.csv,fm303_cryo,0.303,1.37391702195,0.179635694722,0.00234183219863,0.179620429351
13.2685213089,0.154905229807,DataFile_170308_170218.csv,fm303_cryo,0.303,1.36854994636,0.16543484624,0.00230441144867,0.165418795904
14.1906013489,0.15490694344,DataFile_170308_170218.csv,fm303_cryo,0.303,1.36572235655,0.155395652984,0.00228473440362,0.155378856204
15.2241659164,0.1549089849,DataFile_170308_170218.csv,fm303_cryo,0.303,1.36782915512,0.144358436282,0.00229939302409,0.144340122341
16.2089557648,0.154911071062,DataFile_170308_170218.csv,fm303_cryo,0.303,1.36340181137,0.136568932418,0.00226860537894,0.136550088727
17.3578777313,0.154913663864,DataFile_170308_170218.csv,fm303_cryo,0.303,1.36009899881,0.128230050551,0.00224567953536,0.128210384867
18.390668869,0.154916152358,DataFile_170308_170218.csv,fm303_cryo,0.303,1.34960433461,0.123206701562,0.0021730719478,0.123187536172
19.2755870819,0.154918387532,DataFile_170308_170218.csv,fm303_cryo,0.303,1.35554176632,0.11636491838,0.00221410537918,0.116343852296
20.3625717163,0.154921293259,DataFile_170308_170218.csv,fm303_cryo,0.303,1.35957403124,0.109415477769,0.00224203887746,0.109392504483
21.3628463745,0.154924094677,DataFile_170308_170218.csv,fm303_cryo,0.303,1.34984234955,0.106032613974,0.00217471460523,0.106010310077
22.2973136902,0.154926836491,DataFile_170308_170218.csv,fm303_cryo,0.303,1.34825497961,0.101873131581,0.00216376296531,0.101850150063
23.3873958588,0.154930189252,DataFile_170308_170218.csv,fm303_cryo,0.303,1.35595697394,0.0958547174233,0.00221697924597,0.0958290762521
24.2901210785,0.154933080077,DataFile_170308_170218.csv,fm303_cryo,0.303,1.34984898845,0.093264380157,0.00217476042623,0.0932390209255
25.3306541443,0.154936552048,DataFile_170308_170218.csv,fm303_cryo,0.303,1.35056118468,0.0893273770041,0.00217967678466,0.0893007799045
26.27983284,0.154939845204,DataFile_170308_170218.csv,fm303_cryo,0.303,1.3477827887,0.0865210565441,0.00216050683345,0.0864940774605
27.4001083374,0.154943883419,DataFile_170308_170218.csv,fm303_cryo,0.303,1.3456208882,0.0833032499836,0.0021456083407,0.0832756136133
28.2974128723,0.154947251081,DataFile_170308_170218.csv,fm303_cryo,0.303,1.34573511528,0.0806490258278,0.00214639513182,0.0806204586622
29.2582035065,0.154950961471,DataFile_170308_170218.csv,fm303_cryo,0.303,1.34514393814,0.0780857590625,0.00214232360248,0.0780563656465
30.4891891479,0.154955908656,DataFile_170308_170218.csv,fm303_cryo,0.303,1.34487068056,0.0749740672503,0.00214044203117,0.0749435071769
31.3284320831,0.154959395528,DataFile_170308_170218.csv,fm303_cryo,0.303,1.34390653762,0.073093580929,0.00213380522979,0.0730624284312
32.4897422791,0.154964372516,DataFile_170308_170218.csv,fm303_cryo,0.303,1.34196802091,0.070729269072,0.00212047066282,0.0706974759636
33.5542755127,0.154969096184,DataFile_170308_170218.csv,fm303_cryo,0.303,1.34217086867,0.0684646341006,0.0021218654087,0.0684317456281
34.4128684998,0.154973015189,DataFile_170308_170218.csv,fm303_cryo,0.303,1.34095997532,0.0669047746262,0.00211354157434,0.0668713825922
35.3736610413,0.15497751534,DataFile_170308_170218.csv,fm303_cryo,0.303,1.34017199122,0.0651836160616,0.00210812752861,0.0651495172752
36.3359985352,0.154982164502,DataFile_170308_170218.csv,fm303_cryo,0.303,1.34418864159,0.0630073620644,0.00213574680537,0.062971154189
37.4237556458,0.154987558722,DataFile_170308_170218.csv,fm303_cryo,0.303,1.3414673042,0.0614774378402,0.00211702841562,0.0614409761811
38.5533256531,0.154993325472,DataFile_170308_170218.csv,fm303_cryo,0.303,1.33938539383,0.0599045471753,0.00210272510224,0.0598676316503
39.5745010376,0.154998674989,DataFile_170308_170218.csv,fm303_cryo,0.303,1.33856225666,0.0584497427165,0.00209707395719,0.0584121109398
40.3982582092,0.155003100634,DataFile_170308_170218.csv,fm303_cryo,0.303,1.33970136043,0.057143231914,0.00210489493994,0.0571044514103
41.4302749634,0.155008777976,DataFile_170308_170218.csv,fm303_cryo,0.303,1.33916317864,0.0557779856761,0.00210119928591,0.0557383947351
42.5195846558,0.155014917254,DataFile_170308_170218.csv,fm303_cryo,0.303,1.3409715406,0.0541765275026,0.00211362105221,0.0541352818252
43.6150856018,0.155021265149,DataFile_170308_170218.csv,fm303_cryo,0.303,1.33788869768,0.0531147664123,0.00209245142834,0.0530735344409
44.6742019653,0.155027538538,DataFile_170308_170218.csv,fm303_cryo,0.303,1.33971116511,0.0516888539601,0.00210496227701,0.0516459752306
45.6644096375,0.155033543706,DataFile_170308_170218.csv,fm303_cryo,0.303,1.33880583904,0.0506545831051,0.00209874600274,0.0506110862832
47.222114563,0.155043259263,DataFile_170308_170218.csv,fm303_cryo,0.303,1.3411760101,0.0487811490482,0.00211502626243,0.0487352764061
0.250107496977,0.155004024506,DataFile_170308_172608.csv,fm409_cryo,0.409,NaN,NaN,NaN,0.0
0.250882267952,0.155004024506,DataFile_170308_172608.csv,fm409_cryo,0.409,NaN,NaN,NaN,0.0
1.34329736233,0.155004143715,DataFile_170308_172608.csv,fm409_cryo,0.409,1.32018995881,1.97623565673,0.00168906209175,1.97623493492
1.990224123,0.155004292727,DataFile_170308_172608.csv,fm409_cryo,0.409,1.39390246541,1.17689780395,0.00212637402136,1.17689588302
3.01600980759,0.155004650354,DataFile_170308_172608.csv,fm409_cryo,0.409,1.59515969321,0.630340586063,0.00339155305788,0.630331461857
4.19829797745,0.1550052315,DataFile_170308_172608.csv,fm409_cryo,0.409,1.49529903359,0.493389733016,0.00275168020271,0.493382059769
5.18844413757,0.15500587225,DataFile_170308_172608.csv,fm409_cryo,0.409,1.51394329373,0.392037793148,0.00286942157378,0.392027292005
6.18246459961,0.155006632209,DataFile_170308_172608.csv,fm409_cryo,0.409,1.52596516309,0.325363534898,0.0029457729286,0.325350199421
7.14549446106,0.155007511377,DataFile_170308_172608.csv,fm409_cryo,0.409,1.53234280671,0.279907863455,0.00298641289444,0.279891931578
8.22861194611,0.155008628964,DataFile_170308_172608.csv,fm409_cryo,0.409,1.54045165095,0.241345041614,0.00303821854488,0.241325917256
9.52091598511,0.155010193586,DataFile_170308_172608.csv,fm409_cryo,0.409,1.55448919101,0.206127362426,0.00312825211055,0.206103623402
10.6001605988,0.155011668801,DataFile_170308_172608.csv,fm409_cryo,0.409,1.54768074757,0.186206296511,0.00308452911584,0.186180746965
11.264131546,0.155012652278,DataFile_170308_172608.csv,fm409_cryo,0.409,1.55186225798,0.174619390227,0.00311137000253,0.174591668816
12.3449258804,0.155014380813,DataFile_170308_172608.csv,fm409_cryo,0.409,1.55942501895,0.1583472352,0.00316001392473,0.158315701077
13.3373966217,0.155016109347,DataFile_170308_172608.csv,fm409_cryo,0.409,1.56197108579,0.146268127793,0.00317641882886,0.146233633517
14.4848203659,0.155018270016,DataFile_170308_172608.csv,fm409_cryo,0.409,1.5621141843,0.134673411964,0.00317734127072,0.134635925341
15.4757413864,0.155020281672,DataFile_170308_172608.csv,fm409_cryo,0.409,1.56704220148,0.125560011222,0.00320913576355,0.125518994044
16.4697628021,0.155022442341,DataFile_170308_172608.csv,fm409_cryo,0.409,1.57293219934,0.117442713519,0.00324720656257,0.117397813473
17.404127121,0.155024588108,DataFile_170308_172608.csv,fm409_cryo,0.409,1.56858581763,0.111524120006,0.0032191058029,0.111477651128
18.5995845795,0.155027493834,DataFile_170308_172608.csv,fm409_cryo,0.409,1.5722282964,0.104065932003,0.00324265280639,0.104015399852
19.6788291931,0.155030295253,DataFile_170308_172608.csv,fm409_cryo,0.409,1.56305474766,0.0990837904888,0.00318340545531,0.0990326383943
20.6193904877,0.155032858253,DataFile_170308_172608.csv,fm409_cryo,0.409,1.56671894,0.0942938886538,0.00320704851596,0.094239335085
21.5684757233,0.155035570264,DataFile_170308_172608.csv,fm409_cryo,0.409,1.56724205283,0.0901137136021,0.00321042628631,0.0900565074951
22.622926712,0.15503872931,DataFile_170308_172608.csv,fm409_cryo,0.409,1.56797618372,0.0858708232655,0.00321516762402,0.0858106111471
23.8470516205,0.15504257381,DataFile_170308_172608.csv,fm409_cryo,0.409,1.57078135438,0.0812916532238,0.00323329550246,0.0812273271999
24.7457771301,0.15504552424,DataFile_170308_172608.csv,fm409_cryo,0.409,1.56486351145,0.0787127557605,0.00319507274643,0.0786478825497
25.7049312592,0.155048802495,DataFile_170308_172608.csv,fm409_cryo,0.409,1.56927575027,0.0755179231849,0.00322356368517,0.0754490911763
26.7314929962,0.155052438378,DataFile_170308_172608.csv,fm409_cryo,0.409,1.56687311159,0.0727626862555,0.00320804394867,0.0726919319123
27.8192596436,0.155056446791,DataFile_170308_172608.csv,fm409_cryo,0.409,1.56905514901,0.0698047987951,0.00322213819447,0.0697303933754
28.9101257324,0.155060634017,DataFile_170308_172608.csv,fm409_cryo,0.409,1.56260914506,0.0675229031876,0.00318053223577,0.0674479552662
29.7817325592,0.155064105988,DataFile_170308_172608.csv,fm409_cryo,0.409,1.5733341458,0.0650011392148,0.00324980735694,0.0649198494404
30.9841632843,0.155069038272,DataFile_170308_172608.csv,fm409_cryo,0.409,1.56195255768,0.0630499831815,0.00317629939621,0.0629699253718
31.8828907013,0.15507286787,DataFile_170308_172608.csv,fm409_cryo,0.409,1.563670932,0.0611946142915,0.00318737929628,0.0611115490845
32.9086761475,0.155077368021,DataFile_170308_172608.csv,fm409_cryo,0.409,1.56668924728,0.0591522953557,0.00320685680632,0.0590653038193
33.9770736694,0.155082195997,DataFile_170308_172608.csv,fm409_cryo,0.409,1.56247319187,0.0574918208897,0.00317965570467,0.0574038261687
34.9803886414,0.155086874962,DataFile_170308_172608.csv,fm409_cryo,0.409,1.56097242265,0.0559168189711,0.00316998250237,0.0558268918603
35.9627876282,0.155091583729,DataFile_170308_172608.csv,fm409_cryo,0.409,1.55942657678,0.0544636594168,0.00316002395786,0.0543719086078
36.9095497131,0.155096247792,DataFile_170308_172608.csv,fm409_cryo,0.409,1.55279729866,0.0533604778621,0.00311737732249,0.0532693397397
38.0600738525,0.155102074146,DataFile_170308_172608.csv,fm409_cryo,0.409,1.55961643024,0.0514684518519,0.00316124673452,0.0513712765572
38.9882354736,0.155106917024,DataFile_170308_172608.csv,fm409_cryo,0.409,1.55730331341,0.0503433751921,0.00314635423067,0.0502449587599
40.2038383484,0.15511341393,DataFile_170308_172608.csv,fm409_cryo,0.409,1.55501631497,0.0489201347814,0.00313164154823,0.0488197952499
41.0436820984,0.15511803329,DataFile_170308_172608.csv,fm409_cryo,0.409,1.55736144256,0.0478334699389,0.00314672833746,0.0477298538356
42.1314468384,0.155124142766,DataFile_170308_172608.csv,fm409_cryo,0.409,1.55382074313,0.046740133811,0.00312395484082,0.046635619593
43.1673049927,0.155130118132,DataFile_170308_172608.csv,fm409_cryo,0.409,1.55631475618,0.0455328191908,0.00313999323494,0.0454244214707
44.3581161499,0.155137166381,DataFile_170308_172608.csv,fm409_cryo,0.409,1.55305769413,0.0444360727615,0.00311905062228,0.0443264716132
45.253742218,0.155142590404,DataFile_170308_172608.csv,fm409_cryo,0.409,1.54493437782,0.0438569810343,0.0030669216409,0.0437496145936
46.1524658203,0.155148133636,DataFile_170308_172608.csv,fm409_cryo,0.409,1.5464696505,0.0429534139321,0.00307676246453,0.0428430776341
47.2495307922,0.155155062675,DataFile_170308_172608.csv,fm409_cryo,0.409,1.54327807697,0.0420757170016,0.00305631099519,0.0419645674862
47.2317085266,0.155154943466,DataFile_170308_172608.csv,fm409_cryo,0.409,1.54678103584,0.0419679473916,0.00307875903498,0.041854866516
0.202532738447,0.155043721199,DataFile_170224_152749.csv,fm554_cryo,0.554,4.62802378554,7.91067416952,0.0248402519891,7.91063516908
1.0782456398,0.15504398942,DataFile_170224_152749.csv,fm554_cryo,0.554,2.3271156438,1.36833897597,0.00772867511141,1.36831714918
2.13049459457,0.15504476428,DataFile_170224_152749.csv,fm554_cryo,0.554,2.19129486193,0.703130527294,0.00681081947985,0.703097540282
3.22532916069,0.155046105385,DataFile_170224_152749.csv,fm554_cryo,0.554,2.14572787432,0.467577439393,0.0065070056658,0.467532160078
4.28919267654,0.155047923326,DataFile_170224_152749.csv,fm554_cryo,0.554,2.13173727044,0.352412719061,0.00641416590901,0.352354343001
5.36157274246,0.155050292611,DataFile_170224_152749.csv,fm554_cryo,0.554,2.12695308606,0.2821756067,0.00638246726269,0.282103415662
6.48428153992,0.155053317547,DataFile_170224_152749.csv,fm554_cryo,0.554,2.11296576126,0.233895172953,0.00628993464924,0.233810582851
7.7959151268,0.155057579279,DataFile_170224_152749.csv,fm554_cryo,0.554,2.1227908901,0.194260626796,0.00635491001156,0.19415665387
8.64607620239,0.155060753226,DataFile_170224_152749.csv,fm554_cryo,0.554,2.11256395906,0.175483587769,0.00628727971977,0.175370920309
9.88028144836,0.155065953732,DataFile_170224_152749.csv,fm554_cryo,0.554,2.11024715673,0.153658471499,0.00627197480524,0.153530414562
10.7621879578,0.155070096254,DataFile_170224_152749.csv,fm554_cryo,0.554,2.10134199673,0.141308649238,0.00621320229083,0.14117198896
12.0583362579,0.155076816678,DataFile_170224_152749.csv,fm554_cryo,0.554,2.10166647304,0.126148891248,0.00621534222861,0.125995683593
12.9193372726,0.155081704259,DataFile_170224_152749.csv,fm554_cryo,0.554,2.09539475421,0.117895464081,0.00617400078351,0.117733691717
14.0714693069,0.15508878231,DataFile_170224_152749.csv,fm554_cryo,0.554,2.0968826492,0.108246909219,0.0061838045915,0.108070134248
15.2390851974,0.155096545815,DataFile_170224_152749.csv,fm554_cryo,0.554,2.09488082629,0.100021121474,0.00617061506646,0.0998305977679
16.1000881195,0.155102685094,DataFile_170224_152749.csv,fm554_cryo,0.554,2.09284584742,0.0947305337878,0.00615721169961,0.0945302214945
17.3366165161,0.155112072825,DataFile_170224_152749.csv,fm554_cryo,0.554,2.09301935951,0.0880061751046,0.00615835435348,0.0877904409842
18.4802303314,0.155121386051,DataFile_170224_152749.csv,fm554_cryo,0.554,2.0920761055,0.082606093127,0.00615214301723,0.0823766821255
19.4566001892,0.155129790306,DataFile_170224_152749.csv,fm554_cryo,0.554,2.09088385709,0.0785048276936,0.00614429348485,0.0782640123478
20.5189151764,0.155139431357,DataFile_170224_152749.csv,fm554_cryo,0.554,2.09160900043,0.0744612648754,0.00614906749714,0.0742069332055
21.8096427917,0.155151844025,DataFile_170224_152749.csv,fm554_cryo,0.554,2.09138894775,0.0700937307295,0.00614761870822,0.0698236197271
22.5939903259,0.15515974164,DataFile_170224_152749.csv,fm554_cryo,0.554,2.09059425297,0.0676921111282,0.00614238702944,0.0674128547873
23.7252159119,0.155171647668,DataFile_170224_152749.csv,fm554_cryo,0.554,2.08753633278,0.0645304375195,0.00612226260986,0.0642393591732
25.0058784485,0.155185803771,DataFile_170224_152749.csv,fm554_cryo,0.554,2.09887340019,0.0611451808757,0.0061969256226,0.060830348159
25.8993988037,0.155196130276,DataFile_170224_152749.csv,fm554_cryo,0.554,2.08356926114,0.059213616206,0.0060961707632,0.0588989732187
27.095664978,0.155210524797,DataFile_170224_152749.csv,fm554_cryo,0.554,2.08204256924,0.0566476757647,0.00608613431013,0.0563197846117
28.1517848969,0.155223757029,DataFile_170224_152749.csv,fm554_cryo,0.554,2.08262877756,0.0545466730283,0.00608998772281,0.054205641662
29.2381019592,0.155237898231,DataFile_170224_152749.csv,fm554_cryo,0.554,2.08061199779,0.0525684539492,0.00607673215798,0.0522160480781
30.3430042267,0.155252844095,DataFile_170224_152749.csv,fm554_cryo,0.554,2.07916202693,0.0506975243183,0.00606720488601,0.0503331699466
31.3751220703,0.15526728332,DataFile_170224_152749.csv,fm554_cryo,0.554,2.0780174929,0.0490680117893,0.00605968623057,0.0486924017044
32.154045105,0.155278518796,DataFile_170224_152749.csv,fm554_cryo,0.554,2.07612574713,0.0479163712089,0.00604726228398,0.0475332436164
33.6104698181,0.155300229788,DataFile_170224_152749.csv,fm554_cryo,0.554,2.07577603738,0.0458828213083,0.00604496603076,0.0454828723466
34.4838600159,0.155313715339,DataFile_170224_152749.csv,fm554_cryo,0.554,2.07544712517,0.0447474083771,0.00604280646542,0.0443375128587
35.6778030396,0.155332714319,DataFile_170224_152749.csv,fm554_cryo,0.554,2.07719337108,0.0432705005061,0.0060542733485,0.0428448595315
36.616230011,0.155348092318,DataFile_170224_152749.csv,fm554_cryo,0.554,2.07401644469,0.0422095047249,0.00603341437315,0.0417760721003
37.8357276917,0.155368670821,DataFile_170224_152749.csv,fm554_cryo,0.554,2.07112328206,0.0409018963016,0.00601442859276,0.0404572832722
38.8895225525,0.155386984348,DataFile_170224_152749.csv,fm554_cryo,0.554,2.06743072496,0.0398465173018,0.00599021093569,0.0393936836819
40.1647644043,0.15540984273,DataFile_170224_152749.csv,fm554_cryo,0.554,2.06799430145,0.0386124258078,0.00599390613932,0.0381443641441
40.958404541,0.155424416065,DataFile_170224_152749.csv,fm554_cryo,0.554,2.06946060551,0.0378769684741,0.00600352197533,0.0373981612473
42.0478210449,0.155444905162,DataFile_170224_152749.csv,fm554_cryo,0.554,2.0643190098,0.036955761635,0.00596981494758,0.0364703938492
43.0319328308,0.15546387434,DataFile_170224_152749.csv,fm554_cryo,0.554,2.06494780829,0.0361335608344,0.00597393555563,0.0356363061014
44.0655975342,0.155484259129,DataFile_170224_152749.csv,fm554_cryo,0.554,2.06698301098,0.035302566747,0.00598727566929,0.0347911446921
45.3191604614,0.155509635806,DataFile_170224_152749.csv,fm554_cryo,0.554,2.06278043537,0.0343825357219,0.00595973437597,0.0338620780348
46.1770629883,0.15552739799,DataFile_170224_152749.csv,fm554_cryo,0.554,2.06177514263,0.0337721641684,0.0059531492897,0.0332433314539
47.3655891418,0.155552580953,DataFile_170224_152749.csv,fm554_cryo,0.554,2.05557186583,0.0329885437798,0.00591254122965,0.0324543660687
47.4825019836,0.155555084348,DataFile_170224_152749.csv,fm554_cryo,0.554,2.0574776714,0.032900563819,0.00592501229808,0.032362653304
0.471550107002,0.154640063643,DataFile_170222_163542.csv,fm574_cryo,0.574,2.29038040597,3.11982174733,0.00560596274714,3.11981671069
0.472323298454,0.154640063643,DataFile_170222_163542.csv,fm574_cryo,0.574,2.30594463374,3.10997396884,0.00568524261951,3.10996877234
1.09937620163,0.154640078545,DataFile_170222_163542.csv,fm574_cryo,0.574,2.02684505978,1.3930393118,0.00429147133993,1.39303270152
1.09628343582,0.154640078545,DataFile_170222_163542.csv,fm574_cryo,0.574,2.03772468552,1.39373398004,0.00434460384696,1.39372720844
2.18106150627,0.154640093446,DataFile_170222_163542.csv,fm574_cryo,0.574,2.28558494924,0.674861350331,0.00558157011608,0.674838268213
2.18415427208,0.154640093446,DataFile_170222_163542.csv,fm574_cryo,0.574,1.9308495697,0.71802352493,0.00382741321582,0.718013323874
3.18697476387,0.154640108347,DataFile_170222_163542.csv,fm574_cryo,0.574,1.90759097043,0.495425278464,0.00371631956115,0.495411339707
3.18697476387,0.154640108347,DataFile_170222_163542.csv,fm574_cryo,0.574,1.90418906663,0.495931967024,0.00370011626503,0.495918163668
4.14727020264,0.154640138149,DataFile_170222_163542.csv,fm574_cryo,0.574,1.91870332625,0.379473471423,0.0037693294916,0.379454750489
4.15268278122,0.154640138149,DataFile_170222_163542.csv,fm574_cryo,0.574,1.89806854228,0.381319877226,0.00367099388493,0.381302206356
5.1933889389,0.154640182853,DataFile_170222_163542.csv,fm574_cryo,0.574,1.99111471594,0.297320506683,0.00411773198143,0.297291991109
5.23204851151,0.154640182853,DataFile_170222_163542.csv,fm574_cryo,0.574,1.9173864912,0.300919939387,0.00376304121178,0.300896409818
6.31837320328,0.154640227556,DataFile_170222_163542.csv,fm574_cryo,0.574,1.91044863059,0.249699810877,0.00372993970554,0.249671950971
6.32378530502,0.154640227556,DataFile_170222_163542.csv,fm574_cryo,0.574,1.89517417774,0.250642605124,0.00365723542702,0.250615921546
7.44876909256,0.154640287161,DataFile_170222_163542.csv,fm574_cryo,0.574,1.90627978723,0.212079013103,0.00371007299034,0.212046558938
7.46500587463,0.154640287161,DataFile_170222_163542.csv,fm574_cryo,0.574,1.90815441128,0.211499289432,0.00371900437027,0.21146658941
8.50880527496,0.154640361667,DataFile_170222_163542.csv,fm574_cryo,0.574,1.905396028,0.185715958726,0.00370586368418,0.18567898077
8.51963043213,0.154640361667,DataFile_170222_163542.csv,fm574_cryo,0.574,1.90946080177,0.185255028365,0.00372523059165,0.185217569878
9.49925422668,0.154640436172,DataFile_170222_163542.csv,fm574_cryo,0.574,1.90522780769,0.166368746026,0.00370506254832,0.166327484697
9.50776004791,0.154640436172,DataFile_170222_163542.csv,fm574_cryo,0.574,1.90637980219,0.166162576288,0.00371054940719,0.166121141285
10.7085151672,0.154640525579,DataFile_170222_163542.csv,fm574_cryo,0.574,1.90822156139,0.14745951661,0.00371932436367,0.147412603482
10.7154741287,0.154640525579,DataFile_170222_163542.csv,fm574_cryo,0.574,1.90776905332,0.147383675813,0.00371716809555,0.147336792952
11.7051506042,0.154640614986,DataFile_170222_163542.csv,fm574_cryo,0.574,1.90953473634,0.134859911292,0.00372558301352,0.134808440778
11.7128829956,0.154640614986,DataFile_170222_163542.csv,fm574_cryo,0.574,1.90701912574,0.134871824747,0.0037135950372,0.13482068952
12.7141571045,0.154640704393,DataFile_170222_163542.csv,fm574_cryo,0.574,1.90778412916,0.124230456481,0.00371723993081,0.124174830158
12.7218894958,0.154640719295,DataFile_170222_163542.csv,fm574_cryo,0.574,1.90887549569,0.12411476923,0.00372244082481,0.124058935088
13.8484182358,0.154640823603,DataFile_170222_163542.csv,fm574_cryo,0.574,1.90860724942,0.114037024038,0.0037211623884,0.113976294912
13.8569231033,0.154640823603,DataFile_170222_163542.csv,fm574_cryo,0.574,1.90939513753,0.113940499022,0.00372491759637,0.113879595654
14.9014959335,0.154640942812,DataFile_170222_163542.csv,fm574_cryo,0.574,1.90899020927,0.105975076238,0.00372298756119,0.105909660311
14.9100017548,0.154640942812,DataFile_170222_163542.csv,fm574_cryo,0.574,1.90826979161,0.10593731259,0.00371955420005,0.105871994009
15.9592132568,0.154641076922,DataFile_170222_163542.csv,fm574_cryo,0.574,1.90821447322,0.098983239304,0.00371929058585,0.0989133385376
15.9692649841,0.154641076922,DataFile_170222_163542.csv,fm574_cryo,0.574,1.90852979509,0.0989117807855,0.00372079326199,0.0988417729286
17.0571346283,0.154641225934,DataFile_170222_163542.csv,fm574_cryo,0.574,1.90808042071,0.0926250283472,0.00371865178505,0.092550351189
17.0594539642,0.154641225934,DataFile_170222_163542.csv,fm574_cryo,0.574,1.90883265009,0.0925918415278,0.00372223662184,0.0925169934231
18.124130249,0.154641374946,DataFile_170222_163542.csv,fm574_cryo,0.574,1.90131095566,0.0873576545726,0.00368641700758,0.0872798381189
18.1326351166,0.154641374946,DataFile_170222_163542.csv,fm574_cryo,0.574,1.90909123261,0.0871143557106,0.00372346905955,0.0870347444934
19.1339092255,0.154641509056,DataFile_170222_163542.csv,fm574_cryo,0.574,1.90722666804,0.0826098128362,0.00371458382317,0.0825262566936
19.142414093,0.154641523957,DataFile_170222_163542.csv,fm574_cryo,0.574,1.90723200924,0.0825730612454,0.00371460927062,0.08248946673
20.2101821899,0.15464168787,DataFile_170222_163542.csv,fm574_cryo,0.574,1.90535137647,0.078263275833,0.003705651032,0.0781754980447
20.2163677216,0.15464168787,DataFile_170222_163542.csv,fm574_cryo,0.574,1.9047217094,0.0782540516153,0.0037026524692,0.0781664055647
21.2988262177,0.154641866684,DataFile_170222_163542.csv,fm574_cryo,0.574,1.90603408063,0.0742572632262,0.0037089026209,0.0741645817301
21.3050117493,0.154641866684,DataFile_170222_163542.csv,fm574_cryo,0.574,1.9064544739,0.0742265105745,0.00371090510926,0.0741336904203
22.2861843109,0.154642030597,DataFile_170222_163542.csv,fm574_cryo,0.574,1.9054908682,0.0709872979138,0.00370631536577,0.0708904767336
22.2931423187,0.154642030597,DataFile_170222_163542.csv,fm574_cryo,0.574,1.90430055982,0.0709902995108,0.0037006471213,0.0708937785389
23.3477668762,0.154642224312,DataFile_170222_163542.csv,fm574_cryo,0.574,1.90495246657,0.0677795349871,0.00370375132029,0.0676782652646
23.3539524078,0.154642224312,DataFile_170222_163542.csv,fm574_cryo,0.574,1.90347839661,0.0677913293799,0.00369673282579,0.0676904609639
24.4209461212,0.154642418027,DataFile_170222_163542.csv,fm574_cryo,0.574,1.90220589359,0.0648630809776,0.00369067583494,0.0647579970798
25.581495285,0.154642656446,DataFile_170222_163542.csv,fm574_cryo,0.574,1.90067988135,0.0619585249772,0.00368341434569,0.0618489391672
25.5428371429,0.154642641544,DataFile_170222_163542.csv,fm574_cryo,0.574,1.89922337776,0.062079064694,0.00367648583322,0.061970103479
26.5557098389,0.154642850161,DataFile_170222_163542.csv,fm574_cryo,0.574,1.89985658133,0.0597084961273,0.00367949768309,0.0595950149474
26.5356063843,0.154642850161,DataFile_170222_163542.csv,fm574_cryo,0.574,1.90396732603,0.0596804670981,0.00369906052169,0.0595657208829
27.7139396667,0.15464310348,DataFile_170222_163542.csv,fm574_cryo,0.574,1.90199723125,0.0571864200068,0.00368968278017,0.0570672662231
27.7069816589,0.15464310348,DataFile_170222_163542.csv,fm574_cryo,0.574,1.90256253647,0.0571911217639,0.00369237325371,0.0570718037946
28.6572246552,0.154643312097,DataFile_170222_163542.csv,fm574_cryo,0.574,1.90000082516,0.0553449696216,0.00368018384019,0.0552224764866
28.6719169617,0.154643312097,DataFile_170222_163542.csv,fm574_cryo,0.574,1.90069884895,0.0553052275729,0.00368350458787,0.0551824246553
29.6971588135,0.154643550515,DataFile_170222_163542.csv,fm574_cryo,0.574,1.8985299357,0.0534391612461,0.00367318792855,0.0533127718762
29.7141685486,0.154643550515,DataFile_170222_163542.csv,fm574_cryo,0.574,1.89744551009,0.0534260653035,0.0036680315541,0.0532999999843
30.774980545,0.154643803835,DataFile_170222_163542.csv,fm574_cryo,0.574,1.8967044795,0.0516048518634,0.00366450869514,0.0514745773355
30.7865772247,0.154643803835,DataFile_170222_163542.csv,fm574_cryo,0.574,1.89632787102,0.0515913442713,0.00366271851481,0.051461162995
31.7832107544,0.154644057155,DataFile_170222_163542.csv,fm574_cryo,0.574,1.89342567007,0.0500256439785,0.00364892801188,0.0498923879949
31.7948074341,0.154644057155,DataFile_170222_163542.csv,fm574_cryo,0.574,1.89374521645,0.0500026662247,0.00365044598824,0.049869237749
32.8208274841,0.154644325376,DataFile_170222_163542.csv,fm574_cryo,0.574,1.90943279907,0.0482244963261,0.00372509711338,0.0480804086651
32.8301010132,0.154644325376,DataFile_170222_163542.csv,fm574_cryo,0.574,1.8957967868,0.0484045998417,0.0036601942932,0.0482660156173
34.0262184143,0.1546446383,DataFile_170222_163542.csv,fm574_cryo,0.574,1.89184265596,0.0467686262505,0.00364140959826,0.0466266505069
34.0308609009,0.1546446383,DataFile_170222_163542.csv,fm574_cryo,0.574,1.89643329717,0.0466978260867,0.00366321963545,0.0465539233914
35.0398674011,0.154644921422,DataFile_170222_163542.csv,fm574_cryo,0.574,1.89369392601,0.0453987776127,0.00365020233051,0.0452517958944
35.0506896973,0.154644921422,DataFile_170222_163542.csv,fm574_cryo,0.574,1.8937578899,0.0453839792851,0.0036505061945,0.0452369249649
36.0511894226,0.154645204544,DataFile_170222_163542.csv,fm574_cryo,0.574,1.89176508838,0.0441592524624,0.00364104126295,0.0440088899719
36.056602478,0.154645204544,DataFile_170222_163542.csv,fm574_cryo,0.574,1.89028941304,0.0441723475131,0.00363403509513,0.0440226086658
37.1328773499,0.154645502567,DataFile_170222_163542.csv,fm574_cryo,0.574,1.88887872438,0.0429192291715,0.00362733957413,0.0427656712831
37.1398353577,0.154645517468,DataFile_170222_163542.csv,fm574_cryo,0.574,1.89080100188,0.042886317539,0.00363646374674,0.0427318659021
38.2122421265,0.154645830393,DataFile_170222_163542.csv,fm574_cryo,0.574,1.88837724362,0.0417221137362,0.00362495990321,0.0415643409705
38.2076034546,0.154645830393,DataFile_170222_163542.csv,fm574_cryo,0.574,1.88713091308,0.0417429278335,0.00361904683377,0.0415857490509
39.2606811523,0.154646158218,DataFile_170222_163542.csv,fm574_cryo,0.574,1.88813096999,0.0406195784229,0.00362379135914,0.0404576109952
39.2552680969,0.154646158218,DataFile_170222_163542.csv,fm574_cryo,0.574,1.88671525524,0.0406425723633,0.003617075152,0.0404812976033
40.3346328735,0.154646486044,DataFile_170222_163542.csv,fm574_cryo,0.574,1.88629785312,0.0395687896357,0.0036150953766,0.039403301875
40.3361816406,0.154646486044,DataFile_170222_163542.csv,fm574_cryo,0.574,1.88399354433,0.0395950488834,0.00360416909309,0.0394306715797
41.399307251,0.154646828771,DataFile_170222_163542.csv,fm574_cryo,0.574,1.88488698894,0.0385763851872,0.00360840486188,0.0384072507278
41.3985366821,0.154646828771,DataFile_170222_163542.csv,fm574_cryo,0.574,1.88732474516,0.0385486265648,0.00361996634163,0.0383782810157
42.5072860718,0.1546472013,DataFile_170222_163542.csv,fm574_cryo,0.574,1.88633097466,0.0375634588938,0.00361525246841,0.0373890812091
42.515789032,0.1546472013,DataFile_170222_163542.csv,fm574_cryo,0.574,1.88838465811,0.0375328101569,0.0036249950852,0.0373573453139
43.4698982239,0.154647529125,DataFile_170222_163542.csv,fm574_cryo,0.574,1.8859112409,0.0367441573375,0.00361326180182,0.0365660694851
44.3250389099,0.154647827148,DataFile_170222_163542.csv,fm574_cryo,0.574,1.88024637005,0.0361042804071,0.00358641301615,0.035925710924
44.3319969177,0.154647827148,DataFile_170222_163542.csv,fm574_cryo,0.574,1.88431791766,0.0360539859662,0.00360570683209,0.0358732321139
45.5002822876,0.15464822948,DataFile_170222_163542.csv,fm574_cryo,0.574,1.88254960798,0.0351565065488,0.00359732523165,0.0349719774089
45.4917755127,0.15464822948,DataFile_170222_163542.csv,fm574_cryo,0.574,1.8830218591,0.0351579823851,0.00359956333315,0.0349732307516
46.6438217163,0.154648646712,DataFile_170222_163542.csv,fm574_cryo,0.574,1.88008353663,0.0343294950579,0.00358564175821,0.0341417252657
46.6268119812,0.154648646712,DataFile_170222_163542.csv,fm574_cryo,0.574,1.88100455976,0.0343322657562,0.00359000453459,0.0341440527676
46.6067085266,0.154648646712,DataFile_170222_163542.csv,fm574_cryo,0.574,1.88124327434,0.0343444240086,0.00359113544156,0.0341561591331
0.487468451262,0.155043780804,DataFile_170224_143402.csv,fm590_cryo,0.590,15.73079601,6.71138557613,0.141936180586,6.70988453493
1.41273534298,0.155044183135,DataFile_170224_143402.csv,fm590_cryo,0.590,4.04309969483,1.10171758683,0.0250014893687,1.10143386849
2.43711018562,0.155045077205,DataFile_170224_143402.csv,fm590_cryo,0.590,3.19171812034,0.609362760296,0.017102120462,0.609122722538
3.57840156555,0.155046656728,DataFile_170224_143402.csv,fm590_cryo,0.590,2.85979484151,0.411868963319,0.0141210990582,0.411626818255
4.66007375717,0.155048683286,DataFile_170224_143402.csv,fm590_cryo,0.590,2.69835602872,0.316431408552,0.0126984898193,0.316176508732
5.69373941422,0.155051127076,DataFile_170224_143402.csv,fm590_cryo,0.590,2.60815306162,0.25951043622,0.0119126479613,0.259236871077
6.71579170227,0.155054003,DataFile_170224_143402.csv,fm590_cryo,0.590,2.54884081235,0.220503643038,0.0113997619141,0.220208769175
7.90199136734,0.155057951808,DataFile_170224_143402.csv,fm590_cryo,0.590,2.49262424239,0.187930627211,0.0109166213052,0.187613293834
9.1090965271,0.155062630773,DataFile_170224_143402.csv,fm590_cryo,0.590,2.45668187161,0.163411758293,0.0106093072822,0.1630669965
10.1884450912,0.155067354441,DataFile_170224_143402.csv,fm590_cryo,0.590,2.43206726415,0.146381565818,0.0103995850785,0.146011682552
11.1586208344,0.155072078109,DataFile_170224_143402.csv,fm590_cryo,0.590,2.41812180166,0.133836463175,0.0102810382698,0.133440994928
12.4237966537,0.155078858137,DataFile_170224_143402.csv,fm590_cryo,0.590,2.39217336005,0.120494560828,0.0100609903686,0.120073792569
13.3196411133,0.155084103346,DataFile_170224_143402.csv,fm590_cryo,0.590,2.37558268762,0.112579270139,0.00992066776872,0.112141305575
14.4369297028,0.155091136694,DataFile_170224_143402.csv,fm590_cryo,0.590,2.35773362441,0.104074197728,0.00977002949016,0.103614599147
15.5635099411,0.155098825693,DataFile_170224_143402.csv,fm590_cryo,0.590,2.35371464544,0.096642764937,0.00973615845517,0.0961510854499
16.7806816101,0.15510776639,DataFile_170224_143402.csv,fm590_cryo,0.590,2.33793487987,0.0898173658123,0.0096033405557,0.0893024918556
17.9273929596,0.155116811395,DataFile_170224_143402.csv,fm590_cryo,0.590,2.34414766136,0.0841061356903,0.00965560084379,0.0835500534596
18.8890514374,0.155124858022,DataFile_170224_143402.csv,fm590_cryo,0.590,2.32759810842,0.0799848770389,0.00951648473903,0.0794167304359
19.8669700623,0.155133455992,DataFile_170224_143402.csv,fm590_cryo,0.590,2.32218941652,0.0761405648106,0.00947108493439,0.075549216805
20.9424476624,0.155143424869,DataFile_170224_143402.csv,fm590_cryo,0.590,2.317431034,0.0723234322341,0.00943117077303,0.0717058705266
22.1224536896,0.155154958367,DataFile_170224_143402.csv,fm590_cryo,0.590,2.31150736264,0.0685691102935,0.00938151749609,0.0679242962121
23.2157382965,0.155166223645,DataFile_170224_143402.csv,fm590_cryo,0.590,2.30270249558,0.0654508706427,0.00930778677623,0.0647856587002
24.3825817108,0.155178815126,DataFile_170224_143402.csv,fm590_cryo,0.590,2.29938739506,0.0624044243041,0.00928004941104,0.0617105570843
25.5107097626,0.155191600323,DataFile_170224_143402.csv,fm590_cryo,0.590,2.29968227722,0.0597106659037,0.00928251617523,0.0589847312117
26.5497951508,0.15520387888,DataFile_170224_143402.csv,fm590_cryo,0.590,2.28798763454,0.0574863966412,0.00918476385106,0.0567479154841
27.5795917511,0.155216529965,DataFile_170224_143402.csv,fm590_cryo,0.590,2.28320453628,0.0554203213008,0.00914482858825,0.0546606268092
28.710817337,0.155230969191,DataFile_170224_143402.csv,fm590_cryo,0.590,2.27882044702,0.0533198369252,0.00910824802157,0.052536128785
29.78474617,0.155245229602,DataFile_170224_143402.csv,fm590_cryo,0.590,2.27330660466,0.0514803463058,0.00906227260944,0.0506764370385
30.7533721924,0.155258521438,DataFile_170224_143402.csv,fm590_cryo,0.590,2.2686034552,0.0499316698199,0.00902308497521,0.0491096282671
31.8559494019,0.155274182558,DataFile_170224_143402.csv,fm590_cryo,0.590,2.26448135373,0.0482803559034,0.00898876010289,0.0474362198955
33.1853904724,0.155293792486,DataFile_170224_143402.csv,fm590_cryo,0.590,2.25885853915,0.0464393293178,0.0089419710403,0.0455703024063
34.114528656,0.15530796349,DataFile_170224_143402.csv,fm590_cryo,0.590,2.25441837274,0.0452406662652,0.00890504958503,0.0443555856235
35.2140083313,0.155325263739,DataFile_170224_143402.csv,fm590_cryo,0.590,2.25179374375,0.0438966601378,0.00888323594471,0.042988427401
36.1903762817,0.155341058969,DataFile_170224_143402.csv,fm590_cryo,0.590,2.24868425364,0.0427750843929,0.00885740318882,0.041847989839
37.2217216492,0.155358225107,DataFile_170224_143402.csv,fm590_cryo,0.590,2.24577034989,0.0416541859668,0.00883320579985,0.0407068260106
38.3676567078,0.155377849936,DataFile_170224_143402.csv,fm590_cryo,0.590,2.24147639852,0.040483543601,0.00879756689729,0.0395160741874
39.3734512329,0.155395567417,DataFile_170224_143402.csv,fm590_cryo,0.590,2.23801474054,0.0395122875107,0.00876885200848,0.0385269788432
40.4768028259,0.155415534973,DataFile_170224_143402.csv,fm590_cryo,0.590,2.23446808949,0.0385026358146,0.00873944709759,0.0374976669821
41.6033821106,0.155436486006,DataFile_170224_143402.csv,fm590_cryo,0.590,2.23141919284,0.0375265642802,0.0087141811943,0.0365007681123
42.6773109436,0.155456990004,DataFile_170224_143402.csv,fm590_cryo,0.590,2.22650629751,0.036649688134,0.00867349229226,0.035608568797
43.883644104,0.155480638146,DataFile_170224_143402.csv,fm590_cryo,0.590,2.24157256233,0.0356735202838,0.00879836479429,0.034571503097
44.7523880005,0.155498072505,DataFile_170224_143402.csv,fm590_cryo,0.590,2.21821296171,0.0350738811029,0.00860487327444,0.0340019601134
45.9099388123,0.155521839857,DataFile_170224_143402.csv,fm590_cryo,0.590,2.22011572413,0.0342445070123,0.00862060926728,0.0331416860823
47.0101928711,0.15554498136,DataFile_170224_143402.csv,fm590_cryo,0.590,2.21683672574,0.033505152611,0.0085934944706,0.0323843651207
48.1127700806,0.15556871891,DataFile_170224_143402.csv,fm590_cryo,0.590,2.21195642234,0.0328017490082,0.00855316264195,0.0316669882815
48.2289123535,0.155571252108,DataFile_170224_143402.csv,fm590_cryo,0.590,2.2111217182,0.0327301417843,0.00854626742248,0.0315946750951
0.34654918313,0.155043751001,DataFile_170224_155104.csv,fm618_cryo,0.618,4.16439055272,4.52304354266,0.0143779483932,4.52302069013
1.16651368141,0.155044034123,DataFile_170224_155104.csv,fm618_cryo,0.618,2.87880789474,1.26145480099,0.00785726240272,1.26143033036
2.21953701973,0.155044853687,DataFile_170224_155104.csv,fm618_cryo,0.618,2.63743953623,0.663751224706,0.00669000539684,0.663717509282
3.2570745945,0.155046150088,DataFile_170224_155104.csv,fm618_cryo,0.618,2.5802668489,0.453031006507,0.00641732628862,0.452985552507
4.44017744064,0.15504822135,DataFile_170224_155104.csv,fm618_cryo,0.618,2.54481711037,0.332761288304,0.00624905404222,0.332702606418
5.73787355423,0.155051231384,DataFile_170224_155104.csv,fm618_cryo,0.618,2.53082126737,0.257679845621,0.00618279283948,0.257605659704
6.78392887115,0.155054226518,DataFile_170224_155104.csv,fm618_cryo,0.618,2.52379758541,0.218038797969,0.00614957800254,0.217952059201
8.03284454346,0.155058428645,DataFile_170224_155104.csv,fm618_cryo,0.618,2.51962278242,0.184205708555,0.00612984748283,0.184103688269
9.0440568924,0.155062362552,DataFile_170224_155104.csv,fm618_cryo,0.618,2.52175906162,0.163623445043,0.00613994261982,0.163508204297
10.196187973,0.155067399144,DataFile_170224_155104.csv,fm618_cryo,0.618,2.51585177895,0.145203078972,0.0061120331023,0.145074385039
11.2987651825,0.155072793365,DataFile_170224_155104.csv,fm618_cryo,0.618,2.5159656555,0.131063972735,0.00611257095209,0.13092135588
12.4710283279,0.155079126358,DataFile_170224_155104.csv,fm618_cryo,0.618,2.50722376025,0.118821610099,0.00607130175437,0.118666399295
13.6432914734,0.1550860852,DataFile_170224_155104.csv,fm618_cryo,0.618,2.50313910034,0.108664363028,0.00605203234559,0.108495698979
14.5120353699,0.155091643333,DataFile_170224_155104.csv,fm618_cryo,0.618,2.49789581965,0.102207577443,0.00602730996125,0.102029703623
15.9018716812,0.155101239681,DataFile_170224_155104.csv,fm618_cryo,0.618,2.4979045063,0.0933128066252,0.00602735090737,0.0931179409207
16.9812202454,0.155109301209,DataFile_170224_155104.csv,fm618_cryo,0.618,2.4917901484,0.0874356475291,0.00599853960422,0.0872296393518
17.8143482208,0.155115887523,DataFile_170224_155104.csv,fm618_cryo,0.618,2.49190741968,0.0833693178551,0.00599909200925,0.0831531962987
19.1081733704,0.155126735568,DataFile_170224_155104.csv,fm618_cryo,0.618,2.48824664013,0.0777727075466,0.00598185138544,0.0775423206587
20.1085453033,0.155135646462,DataFile_170224_155104.csv,fm618_cryo,0.618,2.47922942576,0.0739616249555,0.00593941476473,0.0737227598392
21.4643135071,0.15514844656,DataFile_170224_155104.csv,fm618_cryo,0.618,2.47678929986,0.0693345083658,0.00592793856341,0.0690806311111
22.6992931366,0.155160829425,DataFile_170224_155104.csv,fm618_cryo,0.618,2.490008058,0.0655576602099,0.0059901459838,0.0652834202787
23.5548744202,0.155169814825,DataFile_170224_155104.csv,fm618_cryo,0.618,2.46871822789,0.0632600921435,0.00589000214059,0.062985292988
24.9168376923,0.155184805393,DataFile_170224_155104.csv,fm618_cryo,0.618,2.46741215004,0.0598424291168,0.0058838664894,0.0595524679399
25.8955287933,0.155196085572,DataFile_170224_155104.csv,fm618_cryo,0.618,2.46771970295,0.0576063745964,0.00588531121875,0.0573049518453
27.0375938416,0.155209809542,DataFile_170224_155104.csv,fm618_cryo,0.618,2.46820855499,0.0552026521237,0.00588760770572,0.0548877844059
28.0999107361,0.155223101377,DataFile_170224_155104.csv,fm618_cryo,0.618,2.46254000897,0.0531578252811,0.00586098644485,0.0528337319003
29.0855693817,0.155235886574,DataFile_170224_155104.csv,fm618_cryo,0.618,2.46121126942,0.0513858970934,0.00585474879017,0.0510512716462
30.2624778748,0.155251726508,DataFile_170224_155104.csv,fm618_cryo,0.618,2.45659748451,0.0494290551647,0.00583309722836,0.0490836680699
31.5237827301,0.155269414186,DataFile_170224_155104.csv,fm618_cryo,0.618,2.45787125016,0.0474821163443,0.00583907359468,0.0471217210222
32.6550064087,0.15528587997,DataFile_170224_155104.csv,fm618_cryo,0.618,2.45347609436,0.0458760733584,0.00581845575962,0.0455056005274
33.6011810303,0.155300095677,DataFile_170224_155104.csv,fm618_cryo,0.618,2.44869326643,0.044618634964,0.0057960313526,0.0442405764725
34.6921424866,0.155316978693,DataFile_170224_155104.csv,fm618_cryo,0.618,2.44611377453,0.0432490373735,0.00578394255556,0.0428605324541
35.8535652161,0.155335560441,DataFile_170224_155104.csv,fm618_cryo,0.618,2.43918407241,0.0418911046473,0.00575148465304,0.04149439809
36.837677002,0.155351772904,DataFile_170224_155104.csv,fm618_cryo,0.618,2.44475768656,0.0407877724772,0.00577758871408,0.040376501239
38.0540733337,0.155372425914,DataFile_170224_155104.csv,fm618_cryo,0.618,2.43519711772,0.0395317000061,0.00573282227789,0.0391138089951
39.1775588989,0.155392080545,DataFile_170224_155104.csv,fm618_cryo,0.618,2.43358086491,0.0384296392074,0.00572525934131,0.038000770717
40.1756057739,0.155410036445,DataFile_170224_155104.csv,fm618_cryo,0.618,2.42615289707,0.0375125794615,0.00569052036376,0.0370784519073
41.4152336121,0.155432954431,DataFile_170224_155104.csv,fm618_cryo,0.618,2.42587794504,0.0364216506356,0.00568923506558,0.0359745637832
42.4442520142,0.155452489853,DataFile_170224_155104.csv,fm618_cryo,0.618,2.4209729922,0.0355721659953,0.00566631337187,0.0351179709888
43.4399795532,0.155471861362,DataFile_170224_155104.csv,fm618_cryo,0.618,2.4188128538,0.0347850872666,0.00565622296368,0.0343221420942
44.736125946,0.155497744679,DataFile_170224_155104.csv,fm618_cryo,0.618,2.41411968904,0.0338163614933,0.00563430939574,0.0333436779957
45.8410263062,0.155520409346,DataFile_170224_155104.csv,fm618_cryo,0.618,2.41170456605,0.0330321594567,0.0056230374367,0.0325500385308
46.9606361389,0.155543938279,DataFile_170224_155104.csv,fm618_cryo,0.618,2.40784953715,0.0322775489306,0.00560505195342,0.0317871602627
47.6954307556,0.155559673905,DataFile_170224_155104.csv,fm618_cryo,0.618,2.40753180314,0.0317989152229,0.00560356995519,0.0313012941123
0.0379786230624,0.154640063643,DataFile_170222_180859.csv,fm625_cryo,0.625,NaN,NaN,NaN,0.0
0.0372054390609,0.154640063643,DataFile_170222_180859.csv,fm625_cryo,0.625,NaN,NaN,NaN,0.0
1.27179634571,0.154640078545,DataFile_170222_180859.csv,fm625_cryo,0.625,2.36784565772,1.07996674245,0.00369659378325,1.07996041594
1.22927117348,0.154640078545,DataFile_170222_180859.csv,fm625_cryo,0.625,2.39281917934,1.11545380719,0.00377578561508,1.1154474167
2.18801999092,0.154640093446,DataFile_170222_180859.csv,fm625_cryo,0.625,2.3403479054,0.62902741291,0.00360968814359,0.629017055686
2.19420552254,0.154640093446,DataFile_170222_180859.csv,fm625_cryo,0.625,2.38812509875,0.625113471528,0.00376088163326,0.625102158095
3.30140590668,0.154640108347,DataFile_170222_180859.csv,fm625_cryo,0.625,2.35791436233,0.416345197058,0.00366517078429,0.416329064127
3.29831337929,0.154640108347,DataFile_170222_180859.csv,fm625_cryo,0.625,2.3616537509,0.416622266123,0.00367699767079,0.416606039704
4.51298666,0.15464015305,DataFile_170222_180859.csv,fm625_cryo,0.625,2.36126081273,0.304507178969,0.00367575462495,0.304484992851
4.51066684723,0.15464015305,DataFile_170222_180859.csv,fm625_cryo,0.625,2.36331227438,0.304618804708,0.00368224503875,0.304596548328
5.60163068771,0.154640197754,DataFile_170222_180859.csv,fm625_cryo,0.625,2.36554661722,0.245262504969,0.00368931598688,0.245234755472
5.596991539,0.154640197754,DataFile_170222_180859.csv,fm625_cryo,0.625,2.36707974095,0.245439123786,0.00369416897601,0.245411321255
6.84723138809,0.154640257359,DataFile_170222_180859.csv,fm625_cryo,0.625,2.35817769007,0.200763661582,0.00366600344801,0.200730187641
6.84723138809,0.154640257359,DataFile_170222_180859.csv,fm625_cryo,0.625,2.36980617906,0.200597296198,0.00370280165096,0.200563118498
7.96448326111,0.154640316963,DataFile_170222_180859.csv,fm625_cryo,0.625,2.36978141639,0.172468388025,0.0037027232319,0.172428636568
8.00468826294,0.154640316963,DataFile_170222_180859.csv,fm625_cryo,0.625,2.38077968466,0.171474073649,0.00373757700542,0.1714333353
9.00905513763,0.154640391469,DataFile_170222_180859.csv,fm625_cryo,0.625,2.38657515289,0.152309132129,0.0037559623752,0.152262813833
9.03534412384,0.154640391469,DataFile_170222_180859.csv,fm625_cryo,0.625,2.39251996289,0.15180832548,0.00377483532603,0.151761386075
10.133266449,0.154640480876,DataFile_170222_180859.csv,fm625_cryo,0.625,2.38489519152,0.135437345289,0.00375063154459,0.135385402691
10.1502761841,0.154640480876,DataFile_170222_180859.csv,fm625_cryo,0.625,2.39091914362,0.13515806651,0.00376975184294,0.135105484396
11.2381477356,0.154640570283,DataFile_170222_180859.csv,fm625_cryo,0.625,2.40376596145,0.121988388797,0.00381057593211,0.121928858407
11.2458791733,0.154640570283,DataFile_170222_180859.csv,fm625_cryo,0.625,2.38503506556,0.122047630558,0.00375107534832,0.121989973188
12.4025640488,0.154640674591,DataFile_170222_180859.csv,fm625_cryo,0.625,2.39175442387,0.110629063059,0.00377240419192,0.110564725658
12.4273052216,0.154640689492,DataFile_170222_180859.csv,fm625_cryo,0.625,2.39175584248,0.110409071852,0.00377240869679,0.11034460603
13.5360527039,0.1546407938,DataFile_170222_180859.csv,fm625_cryo,0.625,2.39319528399,0.101367334328,0.00377698014527,0.101296944128
13.5491962433,0.1546407938,DataFile_170222_180859.csv,fm625_cryo,0.625,2.39075758723,0.101284651327,0.00376923886854,0.101214492208
14.6277894974,0.15464091301,DataFile_170222_180859.csv,fm625_cryo,0.625,2.39228967616,0.0938181429009,0.00377410397663,0.0937422000837
14.6478919983,0.15464091301,DataFile_170222_180859.csv,fm625_cryo,0.625,2.39288492075,0.0936861136956,0.00377599440959,0.0936099875312
15.7388553619,0.15464104712,DataFile_170222_180859.csv,fm625_cryo,0.625,2.39289563626,0.0872030730567,0.00377602844217,0.0871212807512
15.7574110031,0.15464104712,DataFile_170222_180859.csv,fm625_cryo,0.625,2.39194624956,0.0871057268518,0.00377301335406,0.0870239738268
16.9009513855,0.154641196132,DataFile_170222_180859.csv,fm625_cryo,0.625,2.39246121159,0.0812209797038,0.00377464874043,0.08113322113
16.8244075775,0.154641196132,DataFile_170222_180859.csv,fm625_cryo,0.625,2.3918322544,0.0815928912349,0.00377265134899,0.0815056255842
18.0135650635,0.154641345143,DataFile_170222_180859.csv,fm625_cryo,0.625,2.39263509056,0.0762147856416,0.0037752009587,0.0761212283671
18.0228424072,0.154641345143,DataFile_170222_180859.csv,fm625_cryo,0.625,2.39056159027,0.0761854387286,0.0037686165521,0.0760921717626
19.1787548065,0.154641523957,DataFile_170222_180859.csv,fm625_cryo,0.625,2.39058001977,0.0716053028728,0.00376867506759,0.0715060590981
19.1888046265,0.154641523957,DataFile_170222_180859.csv,fm625_cryo,0.625,2.39054742058,0.0715680492098,0.00376857156203,0.0714687591615
20.2326049805,0.15464168787,DataFile_170222_180859.csv,fm625_cryo,0.625,2.3907090126,0.0678857632555,0.00376908463622,0.067781050846
20.2426567078,0.15464168787,DataFile_170222_180859.csv,fm625_cryo,0.625,2.38969490711,0.0678564074227,0.00376586489945,0.0677518286829
21.3861961365,0.154641881585,DataFile_170222_180859.csv,fm625_cryo,0.625,2.3883578318,0.0642449370948,0.00376162036945,0.0641347187919
21.3846492767,0.154641881585,DataFile_170222_180859.csv,fm625_cryo,0.625,2.38818235244,0.0642502667475,0.0037610633647,0.0641400902673
22.4988098145,0.1546420753,DataFile_170222_180859.csv,fm625_cryo,0.625,2.38781385725,0.0610811882051,0.00375989373075,0.0609653569798
22.5003566742,0.1546420753,DataFile_170222_180859.csv,fm625_cryo,0.625,2.3879806697,0.0610763761318,0.00376042320048,0.0609605031044
23.6253395081,0.154642269015,DataFile_170222_180859.csv,fm625_cryo,0.625,2.38621778448,0.0581857508289,0.00375482828502,0.0580644716163
23.627658844,0.154642269015,DataFile_170222_180859.csv,fm625_cryo,0.625,2.38582290945,0.0581814842122,0.00375357522829,0.0580602771104
24.7410449982,0.154642492533,DataFile_170222_180859.csv,fm625_cryo,0.625,2.38491418504,0.0555775732026,0.00375069180832,0.0554508697321
24.7356338501,0.154642477632,DataFile_170222_180859.csv,fm625_cryo,0.625,2.38458559862,0.0555908001939,0.00374964927065,0.0554641974299
25.8204116821,0.154642701149,DataFile_170222_180859.csv,fm625_cryo,0.625,2.38359042106,0.0532694985091,0.00374649203655,0.0531375880976
25.8242778778,0.154642701149,DataFile_170222_180859.csv,fm625_cryo,0.625,2.38260320377,0.0532648184113,0.00374336044509,0.0531331171019
27.0667858124,0.154642954469,DataFile_170222_180859.csv,fm625_cryo,0.625,2.38225175377,0.050833232636,0.00374224568989,0.0506952969951
27.0729694366,0.15464296937,DataFile_170222_180859.csv,fm625_cryo,0.625,2.38133319455,0.0508245758447,0.00373933236746,0.0506868316552
28.0324935913,0.154643177986,DataFile_170222_180859.csv,fm625_cryo,0.625,2.38036093751,0.0490974963684,0.00373624910139,0.0489551283554
28.036359787,0.154643177986,DataFile_170222_180859.csv,fm625_cryo,0.625,2.37980723693,0.0490924483634,0.0037344933489,0.0489501996496
29.2255172729,0.154643446207,DataFile_170222_180859.csv,fm625_cryo,0.625,2.37806488193,0.0471118801537,0.00372896923887,0.0469640718
29.230928421,0.154643446207,DataFile_170222_180859.csv,fm625_cryo,0.625,2.37732194218,0.0471053875123,0.00372661412783,0.0469577456851
30.3327159882,0.154643699527,DataFile_170222_180859.csv,fm625_cryo,0.625,2.3757994548,0.045409628222,0.00372178854759,0.0452568516942
30.3381290436,0.154643699527,DataFile_170222_180859.csv,fm625_cryo,0.625,2.37574075693,0.0454017462581,0.00372160252106,0.0452489584185
31.4878540039,0.154643982649,DataFile_170222_180859.csv,fm625_cryo,0.625,2.37328789425,0.0437620704229,0.00371383008852,0.043604200185
31.4909477234,0.154643982649,DataFile_170222_180859.csv,fm625_cryo,0.625,2.37289492083,0.0437588763753,0.00371258509,0.0436011006006
32.5803642273,0.154644265771,DataFile_170222_180859.csv,fm625_cryo,0.625,2.37131445015,0.0423106292214,0.00370757854792,0.0421478730949
32.576499939,0.154644265771,DataFile_170222_180859.csv,fm625_cryo,0.625,2.37148420922,0.0423151608456,0.00370811625484,0.042152374918
33.6844711304,0.154644548893,DataFile_170222_180859.csv,fm625_cryo,0.625,2.33973672066,0.0410207380563,0.0036077600318,0.0408617794306
33.6844711304,0.154644548893,DataFile_170222_180859.csv,fm625_cryo,0.625,2.36927318749,0.0409398831668,0.00370111381367,0.0407722428896
34.7854881287,0.154644846916,DataFile_170222_180859.csv,fm625_cryo,0.625,2.35541635914,0.0396901156459,0.00365727329673,0.0395212554459
34.7808494568,0.154644846916,DataFile_170222_180859.csv,fm625_cryo,0.625,2.37140038548,0.0396549372705,0.00370785074412,0.0394812093632
35.9182014465,0.154645159841,DataFile_170222_180859.csv,fm625_cryo,0.625,2.36688750158,0.0384211726866,0.00369356040464,0.0382432232186
35.9189796448,0.154645159841,DataFile_170222_180859.csv,fm625_cryo,0.625,2.36430807808,0.0384265515888,0.00368539617559,0.0382494146627
37.0107154846,0.154645472765,DataFile_170222_180859.csv,fm625_cryo,0.625,2.36265076648,0.0373075842107,0.0036801519743,0.0371256288981
37.0107154846,0.154645472765,DataFile_170222_180859.csv,fm625_cryo,0.625,2.36534055782,0.037301310485,0.00368866379342,0.0371184795394
38.1024513245,0.154645800591,DataFile_170222_180859.csv,fm625_cryo,0.625,2.36370008468,0.0362468862426,0.00368347218411,0.0360592400773
38.1032218933,0.154645800591,DataFile_170222_180859.csv,fm625_cryo,0.625,2.36387963973,0.036245756992,0.00368404036946,0.0360580469033
39.2173843384,0.154646143317,DataFile_170222_180859.csv,fm625_cryo,0.625,2.35979167964,0.0352358223291,0.00367110762895,0.0350440600386
39.211971283,0.154646128416,DataFile_170222_180859.csv,fm625_cryo,0.625,2.36110310227,0.0352377448219,0.00367525573114,0.0350455582841
40.365562439,0.154646500945,DataFile_170222_180859.csv,fm625_cryo,0.625,2.35848653867,0.0342474530865,0.00366698008823,0.0340505697448
40.3616943359,0.154646500945,DataFile_170222_180859.csv,fm625_cryo,0.625,2.35763533799,0.0342525206616,0.00366428851738,0.0340559563268
41.4542045593,0.154646843672,DataFile_170222_180859.csv,fm625_cryo,0.625,2.35649768419,0.0333627124472,0.00366069161633,0.0331612713677
41.4457015991,0.154646843672,DataFile_170222_180859.csv,fm625_cryo,0.625,2.3546752599,0.0333732861957,0.00365493078477,0.033172544558
42.5838279724,0.154647231102,DataFile_170222_180859.csv,fm625_cryo,0.625,2.35615118462,0.0324892728127,0.00365959619893,0.0322825061537
42.5892410278,0.154647231102,DataFile_170222_180859.csv,fm625_cryo,0.625,2.35728029732,0.0324829320604,0.00366316593477,0.0322757198305
43.6577835083,0.15464758873,DataFile_170222_180859.csv,fm625_cryo,0.625,2.35361140964,0.0317053594118,0.00365156849256,0.0314943782757
43.6469573975,0.15464758873,DataFile_170222_180859.csv,fm625_cryo,0.625,2.35368743392,0.0317129697082,0.00365180875152,0.0315020116907
44.7889518738,0.15464797616,DataFile_170222_180859.csv,fm625_cryo,0.625,2.35366212844,0.0309153611833,0.00365172877857,0.0306989321316
44.7812194824,0.15464797616,DataFile_170222_180859.csv,fm625_cryo,0.625,2.35212796777,0.0309235471509,0.00364688085398,0.0307077519273
45.8806877136,0.154648378491,DataFile_170222_180859.csv,fm625_cryo,0.625,2.35041030504,0.0301962012841,0.00364145420575,0.0299758299844
45.8698654175,0.15464836359,DataFile_170222_180859.csv,fm625_cryo,0.625,2.35048262005,0.030203084424,0.00364168264777,0.0299827359694
47.0435562134,0.154648795724,DataFile_170222_180859.csv,fm625_cryo,0.625,2.3480658545,0.0294650882891,0.00363404928048,0.0292401284832
47.0226821899,0.154648795724,DataFile_170222_180859.csv,fm625_cryo,0.625,2.34835070608,0.0294774515361,0.00363494886147,0.0292524750378
48.0177726746,0.154649168253,DataFile_170222_180859.csv,fm625_cryo,0.625,2.34611902462,0.0288799871851,0.00362790194751,0.0286512126666
47.9938011169,0.154649153352,DataFile_170222_180859.csv,fm625_cryo,0.625,2.34582267698,0.0288947103335,0.00362696633306,0.0286661717095
47.9737014771,0.154649138451,DataFile_170222_180859.csv,fm625_cryo,0.625,2.346244393,0.0289058703547,0.00362829776537,0.0286772522444
0.581930816174,0.155043795705,DataFile_170224_145236.csv,fm651_cryo,0.651,16.0339053003,5.71387878826,0.176596318887,5.71114914418
1.33608138561,0.15504412353,DataFile_170224_145236.csv,fm651_cryo,0.651,5.65852299097,1.31948229584,0.0494035520061,1.31855709702
2.66087770462,0.155045345426,DataFile_170224_145236.csv,fm651_cryo,0.651,3.88496868043,0.581647039138,0.0286319938207,0.580941896465
3.65737843513,0.155046790838,DataFile_170224_145236.csv,fm651_cryo,0.651,3.47416825283,0.41337837951,0.0239746632623,0.412682565864
4.84435272217,0.155049085617,DataFile_170224_145236.csv,fm651_cryo,0.651,3.22259606031,0.308797841201,0.0211676002065,0.308071484289
5.91673278809,0.155051708221,DataFile_170224_145236.csv,fm651_cryo,0.651,3.09399614304,0.251922517126,0.0197484478163,0.251147274411
7.05879831314,0.155055090785,DataFile_170224_145236.csv,fm651_cryo,0.651,2.99764492215,0.210835108702,0.018693000513,0.210004797072
8.30848884583,0.155059456825,DataFile_170224_145236.csv,fm651_cryo,0.651,2.9253452212,0.179088610668,0.0179057546378,0.178191229924
9.42732620239,0.155063971877,DataFile_170224_145236.csv,fm651_cryo,0.651,2.8690427218,0.157895532576,0.0172956731283,0.156945401011
10.484995842,0.15506875515,DataFile_170224_145236.csv,fm651_cryo,0.651,2.83498387572,0.142097499928,0.0169279377682,0.141085592492
11.7393321991,0.155075103045,DataFile_170224_145236.csv,fm651_cryo,0.651,2.80081893522,0.127087443712,0.0165600884425,0.126003896051
12.7280893326,0.155080601573,DataFile_170224_145236.csv,fm651_cryo,0.651,2.74884815797,0.117331458571,0.0160025707126,0.116235058829
13.9382915497,0.155087932944,DataFile_170224_145236.csv,fm651_cryo,0.651,2.75708131854,0.107355875708,0.0160907242509,0.106143170492
15.1128778458,0.155095681548,DataFile_170224_145236.csv,fm651_cryo,0.651,2.74666463842,0.0991995881964,0.0159792022377,0.0979041541211
16.2967567444,0.155104130507,DataFile_170224_145236.csv,fm651_cryo,0.651,2.72699687753,0.0921692967134,0.0157689187201,0.0908103543603
17.3637161255,0.155112296343,DataFile_170224_145236.csv,fm651_cryo,0.651,2.71280078837,0.0866655157533,0.0156173685804,0.0852467560638
18.4895210266,0.155121460557,DataFile_170224_145236.csv,fm651_cryo,0.651,2.70334192863,0.0815592890115,0.0155164996368,0.0800696937866
19.6602363586,0.155131593347,DataFile_170224_145236.csv,fm651_cryo,0.651,2.69558358332,0.0768793095731,0.0154338305283,0.0753141760604
20.75507164,0.15514165163,DataFile_170224_145236.csv,fm651_cryo,0.651,2.68443458545,0.0729822985059,0.0153151366309,0.0713572875408
21.9366264343,0.155153095722,DataFile_170224_145236.csv,fm651_cryo,0.651,2.67572931836,0.0692225655289,0.0152225452459,0.0675280511687
22.8711833954,0.155162602663,DataFile_170224_145236.csv,fm651_cryo,0.651,2.67146026841,0.0665315566049,0.0151771663713,0.0647773235415
24.128616333,0.155176028609,DataFile_170224_145236.csv,fm651_cryo,0.651,2.66247126509,0.063241284448,0.0150816758175,0.0614166354758
25.2428073883,0.155188515782,DataFile_170224_145236.csv,fm651_cryo,0.651,2.6542887263,0.0606039838791,0.0149948237366,0.058719657042
26.2493743896,0.155200272799,DataFile_170224_145236.csv,fm651_cryo,0.651,2.64840461103,0.0584195999921,0.0149324101636,0.0564789588248
27.5478458405,0.155216127634,DataFile_170224_145236.csv,fm651_cryo,0.651,2.64313933889,0.0558461911315,0.014876590905,0.0538282835221
28.5273113251,0.155228585005,DataFile_170224_145236.csv,fm651_cryo,0.651,2.63823041517,0.0540621516565,0.0148245752156,0.0519898856645
29.6531162262,0.155243456364,DataFile_170224_145236.csv,fm651_cryo,0.651,2.63335357173,0.0521620295151,0.0147729241867,0.0500263733856
30.9492645264,0.155261263251,DataFile_170224_145236.csv,fm651_cryo,0.651,2.62929074608,0.0501531873788,0.0147299133784,0.0479413376546
32.0990715027,0.155277714133,DataFile_170224_145236.csv,fm651_cryo,0.651,2.62172086854,0.0485028098703,0.0146498214398,0.0462374880059
33.1822929382,0.155293747783,DataFile_170224_145236.csv,fm651_cryo,0.651,2.61617209525,0.0470582904173,0.0145911517096,0.0447390320502
34.1609840393,0.155308693647,DataFile_170224_145236.csv,fm651_cryo,0.651,2.61295612849,0.0458380721061,0.0145571626825,0.0434651339471
35.4091262817,0.155328378081,DataFile_170224_145236.csv,fm651_cryo,0.651,2.60857604331,0.044382476481,0.0145108878913,0.0419432753989
36.3529777527,0.155343741179,DataFile_170224_145236.csv,fm651_cryo,0.651,2.58734251452,0.0433080034164,0.014286849806,0.0408836040796
37.4578781128,0.155362218618,DataFile_170224_145236.csv,fm651_cryo,0.651,2.6026033341,0.0422137986624,0.0144478201783,0.0396644083481
38.6316871643,0.155382454395,DataFile_170224_145236.csv,fm651_cryo,0.651,2.58898801728,0.0410523578775,0.0143041944326,0.0384796843664
39.7133598328,0.155401661992,DataFile_170224_145236.csv,fm651_cryo,0.651,2.59226768984,0.04008481423,0.0143387729461,0.0374324982102
40.8600730896,0.155422598124,DataFile_170224_145236.csv,fm651_cryo,0.651,2.58931181199,0.0391017918642,0.0143076077754,0.0363901427139
41.9982643127,0.155443966389,DataFile_170224_145236.csv,fm651_cryo,0.651,2.58457792651,0.0381763606457,0.0142577159154,0.0354140092199
43.1790466309,0.155466750264,DataFile_170224_145236.csv,fm651_cryo,0.651,2.58198634255,0.0372765972739,0.0142304127044,0.0344534477024
44.216583252,0.155487284064,DataFile_170224_145236.csv,fm651_cryo,0.651,2.57801178756,0.036522472265,0.014188553605,0.03365376542
45.4314308167,0.155511945486,DataFile_170224_145236.csv,fm651_cryo,0.651,2.57094667573,0.03567731873,0.014114188006,0.0327667631709
46.4178657532,0.155532449484,DataFile_170224_145236.csv,fm651_cryo,0.651,2.56856524046,0.0350350504894,0.0140891339286,0.0320772671519
46.648601532,0.155537322164,DataFile_170224_145236.csv,fm651_cryo,0.651,2.56705466221,0.0348858676566,0.0140732449991,0.0319212709231
0.485467433929,0.154640063643,DataFile_170222_173644.csv,fm699_cryo,0.699,16.0203271528,6.79179915555,0.131468962307,6.79052661296
0.485467433929,0.154640063643,DataFile_170222_173644.csv,fm699_cryo,0.699,16.0203271528,6.79179915555,0.131468962307,6.79052661296
1.35066115856,0.154640078545,DataFile_170222_173644.csv,fm699_cryo,0.699,5.38123373353,1.2613608961,0.0343569017128,1.26089290327
1.35220754147,0.154640078545,DataFile_170222_173644.csv,fm699_cryo,0.699,5.36932755652,1.25875053516,0.0342516332152,1.25828444137
2.62641572952,0.154640093446,DataFile_170222_173644.csv,fm699_cryo,0.699,4.03596642413,0.586662442435,0.0226257012753,0.58622597947
2.62796211243,0.154640093446,DataFile_170222_173644.csv,fm699_cryo,0.699,4.04684026334,0.586756942563,0.0227188610371,0.586316947563
3.90449023247,0.154640123248,DataFile_170222_173644.csv,fm699_cryo,0.699,3.65210363727,0.385250595871,0.0193608566383,0.384763796178
3.96015930176,0.154640123248,DataFile_170222_173644.csv,fm699_cryo,0.699,3.63878860968,0.379547619743,0.0192485141752,0.379059217477
5.05498886108,0.154640167952,DataFile_170222_173644.csv,fm699_cryo,0.699,3.48262817113,0.294940644463,0.0179360347926,0.294394773072
5.05576229095,0.154640167952,DataFile_170222_173644.csv,fm699_cryo,0.699,3.4793409529,0.294843321801,0.0179085114134,0.294298946021
6.28280639648,0.154640227556,DataFile_170222_173644.csv,fm699_cryo,0.699,3.37540858185,0.236206642857,0.0170406604586,0.235591158622
6.28203344345,0.154640227556,DataFile_170222_173644.csv,fm699_cryo,0.699,3.37423190534,0.236221662007,0.0170308618632,0.235606925504
7.41320228577,0.154640287161,DataFile_170222_173644.csv,fm699_cryo,0.699,3.30841423634,0.199734053059,0.0164837697161,0.199052699774
7.41320228577,0.154640287161,DataFile_170222_173644.csv,fm699_cryo,0.699,3.3099942156,0.199749022201,0.0164968796413,0.199066634151
8.62323665619,0.154640361667,DataFile_170222_173644.csv,fm699_cryo,0.699,3.26249291736,0.171541243991,0.0161032487439,0.170783733914
8.61782455444,0.154640361667,DataFile_170222_173644.csv,fm699_cryo,0.699,3.26191585874,0.171643486305,0.0160984733995,0.170886879383
9.77296161652,0.154640451074,DataFile_170222_173644.csv,fm699_cryo,0.699,3.22865347741,0.151314556946,0.0158234890713,0.150484923953
9.78069400787,0.154640451074,DataFile_170222_173644.csv,fm699_cryo,0.699,3.22906452771,0.151199033995,0.0158268839811,0.150368406337
10.9025850296,0.154640540481,DataFile_170222_173644.csv,fm699_cryo,0.699,3.21205861886,0.135715159328,0.0156864999773,0.13480555697
10.9412441254,0.154640540481,DataFile_170222_173644.csv,fm699_cryo,0.699,3.20656348783,0.135208603043,0.0156411682866,0.134300857002
12.2602968216,0.15464065969,DataFile_170222_173644.csv,fm699_cryo,0.699,3.19000218753,0.120776294361,0.0155046385326,0.119776957148
12.2950906754,0.154640674591,DataFile_170222_173644.csv,fm699_cryo,0.699,3.18502266581,0.120413030384,0.015463614883,0.119415972554
13.3342514038,0.154640778899,DataFile_170222_173644.csv,fm699_cryo,0.699,3.16866459518,0.111106807084,0.0153289381834,0.110044292149
13.3736829758,0.154640778899,DataFile_170222_173644.csv,fm699_cryo,0.699,3.16744242954,0.11077931782,0.0153188815373,0.109715036003
14.608458519,0.15464091301,DataFile_170222_173644.csv,fm699_cryo,0.699,3.15271644111,0.10153326276,0.015197768608,0.100389398225
15.667722702,0.154641032219,DataFile_170222_173644.csv,fm699_cryo,0.699,3.14583251919,0.0947971222369,0.0151411908029,0.0935801192854
15.6924638748,0.15464104712,DataFile_170222_173644.csv,fm699_cryo,0.699,3.14618941712,0.0946530840992,0.0151441234805,0.093433729742
17.0084247589,0.154641211033,DataFile_170222_173644.csv,fm699_cryo,0.699,3.13862829289,0.0874923124705,0.0150820069613,0.0861825841308
17.0347137451,0.154641225934,DataFile_170222_173644.csv,fm699_cryo,0.699,3.13647288797,0.0873521076222,0.0150643052605,0.086043346129
18.1913967133,0.154641374946,DataFile_170222_173644.csv,fm699_cryo,0.699,3.13323135753,0.0819551158067,0.0150376881314,0.080563694941
18.2207794189,0.154641389847,DataFile_170222_173644.csv,fm699_cryo,0.699,3.13157992062,0.0818205772036,0.0150241298402,0.0804293626511
19.2970523834,0.154641538858,DataFile_170222_173644.csv,fm699_cryo,0.699,3.12545477938,0.0773906299513,0.0149738550276,0.0759282112911
19.4725646973,0.154641568661,DataFile_170222_173644.csv,fm699_cryo,0.699,3.12466968949,0.0767161696655,0.0149674124893,0.075241924826
20.5874958038,0.154641747475,DataFile_170222_173644.csv,fm699_cryo,0.699,3.12044964053,0.0727074191928,0.0149327878834,0.071157435674
20.6153316498,0.154641747475,DataFile_170222_173644.csv,fm699_cryo,0.699,3.12051213364,0.072613636256,0.0149333005571,0.0710614994549
21.65990448,0.154641926289,DataFile_170222_173644.csv,fm699_cryo,0.699,3.11596857888,0.0692458191015,0.0148960320899,0.0676246381951
21.6846466064,0.154641926289,DataFile_170222_173644.csv,fm699_cryo,0.699,3.11415851544,0.069163445924,0.0148811881262,0.0675435599598
22.9101448059,0.154642134905,DataFile_170222_173644.csv,fm699_cryo,0.699,3.10882990605,0.0656193079066,0.0148374994474,0.0639198105464
22.9356594086,0.154642149806,DataFile_170222_173644.csv,fm699_cryo,0.699,3.10843933687,0.0655485586845,0.0148342978121,0.0638479220808
24.06914711,0.154642358422,DataFile_170222_173644.csv,fm699_cryo,0.699,3.1024820597,0.0626009715243,0.0147854740351,0.0608298561017
24.088476181,0.154642358422,DataFile_170222_173644.csv,fm699_cryo,0.699,3.10251973731,0.0625536847042,0.0147857827677,0.0607811162946
25.1987705231,0.15464258194,DataFile_170222_173644.csv,fm699_cryo,0.699,3.09786870809,0.0599374001803,0.0147476777369,0.0580947324784
25.2134609222,0.15464258194,DataFile_170222_173644.csv,fm699_cryo,0.699,3.0984221284,0.059906668347,0.0147522111961,0.0580618736975
26.4899902344,0.154642835259,DataFile_170222_173644.csv,fm699_cryo,0.699,3.09218099324,0.0571757615479,0.0147010952276,0.0552534660243
26.5054512024,0.154642850161,DataFile_170222_173644.csv,fm699_cryo,0.699,3.09255692445,0.0571460219178,0.0147041735713,0.0552218715783
27.7433223724,0.15464310348,DataFile_170222_173644.csv,fm699_cryo,0.699,3.08679204348,0.0547473193703,0.0146569758099,0.052748858171
27.7603302002,0.15464310348,DataFile_170222_173644.csv,fm699_cryo,0.699,3.08727131516,0.0547179624944,0.0146608989745,0.0527172975484
28.8512935638,0.1546433568,DataFile_170222_173644.csv,fm699_cryo,0.699,3.08140233466,0.0527783868351,0.0146128660067,0.0507151088334
28.8621196747,0.1546433568,DataFile_170222_173644.csv,fm699_cryo,0.699,3.08141253171,0.0527601454341,0.0146129494452,0.0506961009816
30.0164833069,0.154643625021,DataFile_170222_173644.csv,fm699_cryo,0.699,3.07555950739,0.050867973585,0.0145650658015,0.0487381738973
30.0304012299,0.154643625021,DataFile_170222_173644.csv,fm699_cryo,0.699,3.0761675877,0.0508485822039,0.0145700396371,0.048716447501
31.1592502594,0.154643893242,DataFile_170222_173644.csv,fm699_cryo,0.699,3.07171301789,0.0491437805017,0.014533607882,0.0469455578722
31.1723976135,0.154643908143,DataFile_170222_173644.csv,fm699_cryo,0.699,3.07061360111,0.0491207962788,0.014524617969,0.0469242804944
32.3685112,0.154644206166,DataFile_170222_173644.csv,fm699_cryo,0.699,3.06482659679,0.0474456525723,0.0144773087305,0.045182933503
32.3785629272,0.154644206166,DataFile_170222_173644.csv,fm699_cryo,0.699,3.06461519043,0.0474315109754,0.0144755808167,0.0451686372766
33.3674659729,0.154644459486,DataFile_170222_173644.csv,fm699_cryo,0.699,3.06190527416,0.0461484898506,0.0144534337163,0.0438267198099
33.3759727478,0.154644459486,DataFile_170222_173644.csv,fm699_cryo,0.699,3.06194172287,0.0461380173143,0.0144537315706,0.0438155940891
34.8009490967,0.154644846916,DataFile_170222_173644.csv,fm699_cryo,0.699,3.05368655693,0.0444069157169,0.0143862902704,0.0420120079946
34.8102302551,0.154644846916,DataFile_170222_173644.csv,fm699_cryo,0.699,3.05328430627,0.0443948175217,0.0143830050188,0.0420003451107
35.8602142334,0.154645144939,DataFile_170222_173644.csv,fm699_cryo,0.699,3.03725954651,0.0431735156647,0.0142522018055,0.0407532477055
35.8725852966,0.154645144939,DataFile_170222_173644.csv,fm699_cryo,0.699,3.0499542595,0.0432075103911,0.0143558114179,0.0407529095002
37.0408706665,0.154645487666,DataFile_170222_173644.csv,fm699_cryo,0.699,3.0430541895,0.0419713500548,0.0142994843171,0.039460346852
37.0478248596,0.154645487666,DataFile_170222_173644.csv,fm699_cryo,0.699,3.04482721974,0.041971065083,0.0143139554804,0.0394547967008
38.1820869446,0.154645815492,DataFile_170222_173644.csv,fm699_cryo,0.699,3.03874402843,0.0408481811679,0.0142643129181,0.0382766675887
38.1875,0.154645815492,DataFile_170222_173644.csv,fm699_cryo,0.699,3.04008275492,0.0408481696201,0.0142752359554,0.0382725828725
39.4091339111,0.154646188021,DataFile_170222_173644.csv,fm699_cryo,0.699,3.03523477967,0.0397202602816,0.0142356847989,0.0370815905154
39.4779434204,0.154646217823,DataFile_170222_173644.csv,fm699_cryo,0.699,3.03742025758,0.039668294152,0.0142535129031,0.0370190617231
40.6037025452,0.154646575451,DataFile_170222_173644.csv,fm699_cryo,0.699,3.02993560702,0.0386834270699,0.0141924678678,0.0359858497982
40.6091156006,0.154646575451,DataFile_170222_173644.csv,fm699_cryo,0.699,3.02842148655,0.0386731532463,0.0141801225218,0.0359796735294
41.7696647644,0.15464694798,DataFile_170222_173644.csv,fm699_cryo,0.699,3.02656162501,0.0377377466612,0.0141649599695,0.0349784423914
41.7719841003,0.15464694798,DataFile_170222_173644.csv,fm699_cryo,0.699,3.02439069008,0.0377275470731,0.0141472638791,0.0349746012542
42.9186172485,0.15464733541,DataFile_170222_173644.csv,fm699_cryo,0.699,3.01963093893,0.0368445075809,0.0141084748132,0.0340362847168
42.917842865,0.15464733541,DataFile_170222_173644.csv,fm699_cryo,0.699,3.02208210002,0.0368546248561,0.0141284486621,0.0340389528582
44.0822601318,0.154647737741,DataFile_170222_173644.csv,fm699_cryo,0.699,3.01621407013,0.0360028155508,0.0140806374164,0.0331351531992
44.0807151794,0.154647737741,DataFile_170222_173644.csv,fm699_cryo,0.699,3.01588328605,0.0360025864394,0.014077942858,0.0331360491794
45.4422912598,0.154648214579,DataFile_170222_173644.csv,fm699_cryo,0.699,3.03152636537,0.03515380743,0.0142054394825,0.0321558029901
45.4415206909,0.154648214579,DataFile_170222_173644.csv,fm699_cryo,0.699,3.00908959492,0.0350645843398,0.0140226155502,0.0321386267295
46.4095458984,0.154648572206,DataFile_170222_173644.csv,fm699_cryo,0.699,3.00505824484,0.0344352125294,0.0139897971262,0.031465368873
46.4025878906,0.154648557305,DataFile_170222_173644.csv,fm699_cryo,0.699,3.00606218361,0.0344435141608,0.0139979691145,0.0314708202691
47.016494751,0.154648795724,DataFile_170222_173644.csv,fm699_cryo,0.699,3.00271314267,0.0340551177342,0.0139707104403,0.031057531996
0.307533413172,0.154893383384,DataFile_170308_174950.csv,fm745_cryo1,0.745,NaN,NaN,NaN,0.0
1.15296673775,0.15489345789,DataFile_170308_174950.csv,fm745_cryo1,0.745,2.48140947696,1.17772698497,0.00854826300019,1.17769596175
2.27633976936,0.15489372611,DataFile_170308_174950.csv,fm745_cryo1,0.745,3.13863772601,0.599698037558,0.0131304747657,0.599554273509
3.91456031799,0.154894411564,DataFile_170308_174950.csv,fm745_cryo1,0.745,3.49157610221,0.355450287905,0.0156803710038,0.355104256715
5.37858438492,0.154895335436,DataFile_170308_174950.csv,fm745_cryo1,0.745,3.66160116725,0.261807639127,0.0169253761727,0.261259969278
6.62505626678,0.154896333814,DataFile_170308_174950.csv,fm745_cryo1,0.745,3.76383305243,0.214316321938,0.0176784853145,0.213585947585
7.87152910233,0.154897555709,DataFile_170308_174950.csv,fm745_cryo1,0.745,3.84559389695,0.181725820597,0.0182830545239,0.180803771501
9.25580978394,0.154899150133,DataFile_170308_174950.csv,fm745_cryo1,0.745,3.90207910709,0.155520353602,0.0187018439251,0.154391778986
10.6075744629,0.154900968075,DataFile_170308_174950.csv,fm745_cryo1,0.745,3.94861823851,0.136513385165,0.0190475521251,0.135178012588
12.1296644211,0.154903292656,DataFile_170308_174950.csv,fm745_cryo1,0.745,3.98233366085,0.120073050906,0.0192983640197,0.118512069849
13.5394935608,0.154905736446,DataFile_170308_174950.csv,fm745_cryo1,0.745,4.01593878448,0.108220075419,0.0195486515851,0.106439818418
15.0058393478,0.154908537865,DataFile_170308_174950.csv,fm745_cryo1,0.745,4.03471211546,0.0981704077556,0.0196885999962,0.0961758181098
16.4102497101,0.154911518097,DataFile_170308_174950.csv,fm745_cryo1,0.745,4.04659133359,0.0902197432323,0.0197772015441,0.0880253620724
17.6025276184,0.154914230108,DataFile_170308_174950.csv,fm745_cryo1,0.745,4.05206589157,0.0844565575661,0.0198180457025,0.0820984481001
18.9062900543,0.154917433858,DataFile_170308_174950.csv,fm745_cryo1,0.745,4.05829559262,0.0790123972844,0.0198645329284,0.0764745660737
20.4647674561,0.15492156148,DataFile_170308_174950.csv,fm745_cryo1,0.745,4.06470240987,0.0734379402316,0.0199123519575,0.0706868396873
21.9032421112,0.154925659299,DataFile_170308_174950.csv,fm745_cryo1,0.745,4.07060806672,0.0690237406964,0.0199564395025,0.066075845073
23.4113960266,0.154930263758,DataFile_170308_174950.csv,fm745_cryo1,0.745,4.06671381823,0.064936070212,0.0199273667649,0.0618028580924
24.697353363,0.154934421182,DataFile_170308_174950.csv,fm745_cryo1,0.745,4.07528801685,0.0619394119549,0.0199913829239,0.0586245286729
25.8772449493,0.154938429594,DataFile_170308_174950.csv,fm745_cryo1,0.745,4.06245907163,0.0593336899624,0.0198956070242,0.0558985830383
27.2994594574,0.15494351089,DataFile_170308_174950.csv,fm745_cryo1,0.745,4.0617557256,0.0565957129698,0.0198903573021,0.0529853603644
28.6705799103,0.154948681593,DataFile_170308_174950.csv,fm745_cryo1,0.745,4.0537802859,0.0541822017166,0.0198308378718,0.0504227017539
29.690984726,0.154952675104,DataFile_170308_174950.csv,fm745_cryo1,0.745,4.05388390939,0.0525751697344,0.0198316110952,0.0486914332708
31.0543632507,0.154958248138,DataFile_170308_174950.csv,fm745_cryo1,0.745,4.04496365704,0.0505484710339,0.0197650593561,0.0465240835753
32.5385169983,0.154964581132,DataFile_170308_174950.csv,fm745_cryo1,0.745,4.03959594817,0.0485714176048,0.0197250219066,0.0443858774715
33.8384094238,0.154970377684,DataFile_170308_174950.csv,fm745_cryo1,0.745,4.03130732892,0.0469697688894,0.0196632118725,0.0426558001727
35.1793327332,0.154976606369,DataFile_170308_174950.csv,fm745_cryo1,0.745,4.02555447457,0.0454652685892,0.0196203218522,0.0410138222835
36.5210342407,0.154983073473,DataFile_170308_174950.csv,fm745_cryo1,0.745,4.01939527867,0.0440755558525,0.0195744117399,0.0394904675681
37.6931800842,0.154988914728,DataFile_170308_174950.csv,fm745_cryo1,0.745,4.00917358413,0.0429193048669,0.0194982415709,0.0382346087452
39.0217170715,0.154995754361,DataFile_170308_174950.csv,fm745_cryo1,0.745,4.00214136973,0.0417236865464,0.019445854436,0.0369151021165
40.2008361816,0.15500202775,DataFile_170308_174950.csv,fm745_cryo1,0.745,3.99034153606,0.0407005725828,0.0193579792528,0.0358023078561
41.5224075317,0.155009284616,DataFile_170308_174950.csv,fm745_cryo1,0.745,3.98430515189,0.0396678329271,0.0193130393791,0.0346488597081
42.9484939575,0.155017390847,DataFile_170308_174950.csv,fm745_cryo1,0.745,3.98407256358,0.0386671053873,0.0193113079884,0.0334995286953
44.3374214172,0.155025526881,DataFile_170308_174950.csv,fm745_cryo1,0.745,3.97890115246,0.0377326533209,0.0192728155875,0.0324393542778
45.9082832336,0.155035048723,DataFile_170308_174950.csv,fm745_cryo1,0.745,3.97005376147,0.0367324223706,0.0192069780228,0.0313107465328
46.9666252136,0.155041649938,DataFile_170308_174950.csv,fm745_cryo1,0.745,3.96138395309,0.0360831216238,0.0191424819626,0.0305868770951
46.9573326111,0.155041590333,DataFile_170308_174950.csv,fm745_cryo1,0.745,3.96484854496,0.0361085580044,0.0191682532181,0.0306007521105
0.237854838371,0.154893383384,DataFile_170324_192856.csv,fm745_cryo2,0.745,38.1577271769,28.4112557717,0.293138992902,28.4097434705
0.237854838371,0.154893383384,DataFile_170324_192856.csv,fm745_cryo2,0.745,37.0045515911,27.6124870922,0.283815668139,27.6110284503
1.36664760113,0.154893502593,DataFile_170324_192856.csv,fm745_cryo2,0.745,6.12567540054,1.25314721638,0.0356729045764,1.25263936941
2.41724538803,0.154893770814,DataFile_170324_192856.csv,fm745_cryo2,0.745,5.03710266304,0.647657188377,0.0272697692012,0.647082833449
3.51197290421,0.154894202948,DataFile_170324_192856.csv,fm745_cryo2,0.745,4.76023102455,0.436020457417,0.0251571873681,0.43529410197
5.18812942505,0.154895201325,DataFile_170324_192856.csv,fm745_cryo2,0.745,4.47069670089,0.288708252486,0.0229619443578,0.287793683331
6.44466638565,0.154896184802,DataFile_170324_192856.csv,fm745_cryo2,0.745,4.40633654641,0.231583089173,0.0224761317366,0.23048980605
7.82817268372,0.154897511005,DataFile_170324_192856.csv,fm745_cryo2,0.745,4.31672805095,0.189665743145,0.0218011565676,0.188408608336
9.26432609558,0.154899165034,DataFile_170324_192856.csv,fm745_cryo2,0.745,4.27048662057,0.160068287168,0.0214535148188,0.158624094194
10.6385421753,0.154900997877,DataFile_170324_192856.csv,fm745_cryo2,0.745,4.24948173775,0.139542895516,0.0212957561886,0.137908340783
11.9717254639,0.154903039336,DataFile_170324_192856.csv,fm745_cryo2,0.745,4.22387735151,0.124114675528,0.0211035863641,0.122307364145
13.2987146378,0.154905289412,DataFile_170324_192856.csv,fm745_cryo2,0.745,4.20691653444,0.111942280225,0.0209763713982,0.10995938316
14.5792531967,0.154907688498,DataFile_170324_192856.csv,fm745_cryo2,0.745,4.18797082243,0.102299458487,0.0208343467413,0.100155425228
16.0246944427,0.154910668731,DataFile_170324_192856.csv,fm745_cryo2,0.745,4.18185127911,0.0934221827557,0.0207884899324,0.0910798710867
17.360200882,0.154913678765,DataFile_170324_192856.csv,fm745_cryo2,0.745,4.16113832256,0.0864390353784,0.0206333422134,0.083940288457
18.6840934753,0.154916882515,DataFile_170324_192856.csv,fm745_cryo2,0.745,4.15068914095,0.0805965950031,0.0205551122456,0.0779313703631
20.0474700928,0.154920428991,DataFile_170324_192856.csv,fm745_cryo2,0.745,4.14217393248,0.0754225253055,0.0204913804971,0.0725855402182
21.4077510834,0.154924228787,DataFile_170324_192856.csv,fm745_cryo2,0.745,4.12980382004,0.0709079876944,0.0203988276575,0.0679104597913
22.7989997864,0.154928356409,DataFile_170324_192856.csv,fm745_cryo2,0.745,4.1226801528,0.0669019644256,0.0203455452157,0.0637332851333
23.9866313934,0.154932096601,DataFile_170324_192856.csv,fm745_cryo2,0.745,4.10993363065,0.0638181524441,0.0202502364029,0.0605201165482
25.2965908051,0.154936432838,DataFile_170324_192856.csv,fm745_cryo2,0.745,4.09929675821,0.060785424545,0.0201707321194,0.057341166738
26.4695129395,0.154940515757,DataFile_170324_192856.csv,fm745_cryo2,0.745,4.10193480825,0.0584130873901,0.0201904474015,0.0548127230866
27.7872104645,0.154945313931,DataFile_170324_192856.csv,fm745_cryo2,0.745,4.08104856217,0.0558492018757,0.0200344021892,0.0521321021931
29.1544589996,0.154950559139,DataFile_170324_192856.csv,fm745_cryo2,0.745,4.07538333084,0.0535402023243,0.0199920946539,0.0496675891933
30.6277732849,0.1549564749,DataFile_170324_192856.csv,fm745_cryo2,0.745,4.06321969837,0.0512577816392,0.0199012844242,0.047236628339
31.9563102722,0.154962062836,DataFile_170324_192856.csv,fm745_cryo2,0.745,4.04873662038,0.0493666562388,0.0197932060353,0.0452249460259
33.2809791565,0.154967874289,DataFile_170324_192856.csv,fm745_cryo2,0.745,4.04307512279,0.0476901749125,0.0197509720517,0.0434079703073
34.6219062805,0.154973983765,DataFile_170324_192856.csv,fm745_cryo2,0.745,4.03457829561,0.0461154508568,0.0196876020999,0.0417017161671
36.2043800354,0.154981523752,DataFile_170324_192856.csv,fm745_cryo2,0.745,4.02345666977,0.0444091721241,0.0196046839085,0.0398475963842
37.3680152893,0.1549872756,DataFile_170324_192856.csv,fm745_cryo2,0.745,4.0112332424,0.0432278225448,0.0195135876014,0.038572847197
38.6338424683,0.154993727803,DataFile_170324_192856.csv,fm745_cryo2,0.745,4.00261670665,0.0420543257087,0.0194493951,0.0372865571092
39.9081840515,0.155000463128,DataFile_170324_192856.csv,fm745_cryo2,0.745,3.99559933258,0.0409623575626,0.0193971304091,0.0360786095766
41.3869171143,0.155008539557,DataFile_170324_192856.csv,fm745_cryo2,0.745,3.98411432261,0.0397656845262,0.0193116188422,0.0347616317732
42.6868133545,0.155015870929,DataFile_170324_192856.csv,fm745_cryo2,0.745,3.97695200395,0.0388030867718,0.0192583092963,0.0336867491169
44.137676239,0.155024334788,DataFile_170324_192856.csv,fm745_cryo2,0.745,3.96804879177,0.0377951094727,0.0191920609735,0.0325597158409
45.4236297607,0.155032068491,DataFile_170324_192856.csv,fm745_cryo2,0.745,3.9644310433,0.036984137464,0.019165147477,0.0316310535098
46.7219772339,0.155040115118,DataFile_170324_192856.csv,fm745_cryo2,0.745,3.94752259792,0.0361376570652,0.0190394066241,0.0307153260371
47.0889511108,0.155042424798,DataFile_170324_192856.csv,fm745_cryo2,0.745,3.94848326788,0.0359404207744,0.0190465486734,0.0304785634351
47.0703697205,0.155042305589,DataFile_170324_192856.csv,fm745_cryo2,0.745,3.94220139235,0.0359139328953,0.0189998508797,0.0304764867161
0.302113950253,0.154893383384,DataFile_170324_193413.csv,fm745_cryo3,0.745,NaN,NaN,NaN,0.0
0.302113950253,0.154893383384,DataFile_170324_193413.csv,fm745_cryo3,0.745,NaN,NaN,NaN,0.0
1.73749244213,0.154893577099,DataFile_170324_193413.csv,fm745_cryo3,0.745,10.771511308,1.3833347147,0.0723878343615,1.38143944287
2.91041469574,0.154893949628,DataFile_170324_193413.csv,fm745_cryo3,0.745,6.99014721636,0.632003977857,0.042425646066,0.630578379413
4.23430776596,0.154894590378,DataFile_170324_193413.csv,fm745_cryo3,0.745,5.7915698659,0.394712678036,0.0330798384166,0.393324068031
5.2988409996,0.154895275831,DataFile_170324_193413.csv,fm745_cryo3,0.745,5.33442334759,0.30402843236,0.0295509296714,0.3025888799
6.47795772552,0.154896214604,DataFile_170324_193413.csv,fm745_cryo3,0.745,5.06670041173,0.243613706878,0.0274963016686,0.24205700067
7.91410970688,0.154897600412,DataFile_170324_193413.csv,fm745_cryo3,0.745,4.82719045343,0.195927969789,0.0256669771192,0.194239480105
9.24574565887,0.154899135232,DataFile_170324_193413.csv,fm745_cryo3,0.745,4.6775406644,0.166053885283,0.024528682932,0.164232263978
10.466668129,0.154900759459,DataFile_170324_193413.csv,fm745_cryo3,0.745,4.58906173792,0.145994918177,0.023857522931,0.144032408621
11.5660409927,0.154902398586,DataFile_170324_193413.csv,fm745_cryo3,0.745,4.50899813246,0.131570617601,0.0232514475056,0.129499797701
13.0904541016,0.154904916883,DataFile_170324_193413.csv,fm745_cryo3,0.745,4.42474719086,0.115876262347,0.0226150162525,0.11364800577
14.4391202927,0.154907420278,DataFile_170324_193413.csv,fm745_cryo3,0.745,4.38922940921,0.105144578296,0.0223471427428,0.102742335755
15.7575941086,0.154910102487,DataFile_170324_193413.csv,fm745_cryo3,0.745,4.33577858461,0.0962820184648,0.0219445126325,0.0937478823493
16.9622592926,0.154912754893,DataFile_170324_193413.csv,fm745_cryo3,0.745,4.30751092343,0.0895730212975,0.0217318253147,0.0868968003602
18.4061527252,0.15491618216,DataFile_170324_193413.csv,fm745_cryo3,0.745,4.27674500102,0.0827306169142,0.0215005377427,0.0798879330799
19.775724411,0.154919698834,DataFile_170324_193413.csv,fm745_cryo3,0.745,4.24552158237,0.0771633604552,0.0212660241969,0.0741750659696
21.0771656036,0.154923275113,DataFile_170324_193413.csv,fm745_cryo3,0.745,4.22383773751,0.0726130499474,0.0211032891622,0.0694788184212
22.3631210327,0.154927030206,DataFile_170324_193413.csv,fm745_cryo3,0.745,4.20054455939,0.068635166085,0.020928595283,0.0653665045952
23.4748821259,0.154930457473,DataFile_170324_193413.csv,fm745_cryo3,0.745,4.18444501829,0.0655828836545,0.0208079250592,0.0621944119932
24.9876804352,0.154935389757,DataFile_170324_193413.csv,fm745_cryo3,0.745,4.15848543369,0.0618499098554,0.0206134783679,0.0583137707467
26.5051231384,0.154940649867,DataFile_170324_193413.csv,fm745_cryo3,0.745,4.14353584225,0.0586160877624,0.0205015725002,0.0549138531665
27.9799880981,0.154946044087,DataFile_170324_193413.csv,fm745_cryo3,0.745,4.12651546807,0.0558053475994,0.0203742304642,0.0519531284302
29.2674922943,0.154951006174,DataFile_170324_193413.csv,fm745_cryo3,0.745,4.12073570026,0.0536488580735,0.0203310035391,0.0496472584105
30.5263519287,0.154956057668,DataFile_170324_193413.csv,fm745_cryo3,0.745,4.09497154157,0.0515999136488,0.0201384115949,0.047507846373
31.6102409363,0.154960587621,DataFile_170324_193413.csv,fm745_cryo3,0.745,4.08310696443,0.050031860936,0.0200497761512,0.0458387781796
32.7521972656,0.154965519905,DataFile_170324_193413.csv,fm745_cryo3,0.745,4.07310691487,0.0485116921124,0.0199750967827,0.0442083677614
33.8825378418,0.1549705863,DataFile_170324_193413.csv,fm745_cryo3,0.745,4.06134712168,0.0471012747602,0.0198873075698,0.042696897799
35.0546875,0.154976010323,DataFile_170324_193413.csv,fm745_cryo3,0.745,4.0513907685,0.0457521691521,0.0198130083893,0.0412396130036
36.3027076721,0.154982000589,DataFile_170324_193413.csv,fm745_cryo3,0.745,4.03723311555,0.0443948732211,0.0197073999755,0.0397809395882
37.4841461182,0.154987856746,DataFile_170324_193413.csv,fm745_cryo3,0.745,4.02933836105,0.043229087082,0.0196485314158,0.0385057032547
38.7832641602,0.154994517565,DataFile_170324_193413.csv,fm745_cryo3,0.745,4.01806450411,0.0420186796491,0.0195644935367,0.0371860193097
40.1133537292,0.155001565814,DataFile_170324_193413.csv,fm745_cryo3,0.745,4.00533845799,0.0408576125838,0.0194696698593,0.0359204184499
41.3892440796,0.155008554459,DataFile_170324_193413.csv,fm745_cryo3,0.745,3.99369299783,0.0398203032147,0.0193829344282,0.034784456314
42.408870697,0.155014291406,DataFile_170324_193413.csv,fm745_cryo3,0.745,3.98383541309,0.0390349965411,0.0193095426512,0.0339245120461
43.716506958,0.155021846294,DataFile_170324_193413.csv,fm745_cryo3,0.745,3.972787972,0.0380929692511,0.0192273223598,0.0328844093947
44.9838829041,0.155029401183,DataFile_170324_193413.csv,fm745_cryo3,0.745,3.9624084553,0.037236637158,0.0191501023583,0.0319349452247
46.3766784668,0.15503795445,DataFile_170324_193413.csv,fm745_cryo3,0.745,3.95354618842,0.0363670458218,0.0190841927564,0.0309573191449
46.6863632202,0.155039891601,DataFile_170324_193413.csv,fm745_cryo3,0.745,3.95109490173,0.0361784010476,0.0190659659714,0.0307467989218
46.6050720215,0.15503937006,DataFile_170324_193413.csv,fm745_cryo3,0.745,3.94827446881,0.0362074298618,0.0190449963469,0.030793929456
